event,tanggal,periode,hari_relatif,moda,penumpang
ANGLEB 2024,2024-03-31,H - 10,-10,Angkutan Jalan,120600
ANGLEB 2024,2024-04-01,H - 9,-9,Angkutan Jalan,115514
ANGLEB 2024,2024-04-02,H - 8,-8,Angkutan Jalan,107245
ANGLEB 2024,2024-04-03,H - 7,-7,Angkutan Jalan,147636
ANGLEB 2024,2024-04-04,H - 6,-6,Angkutan Jalan,164651
ANGLEB 2024,2024-04-05,H - 5,-5,Angkutan Jalan,209392
ANGLEB 2024,2024-04-06,H - 4,-4,Angkutan Jalan,253275
ANGLEB 2024,2024-04-07,H - 3,-3,Angkutan Jalan,272837
ANGLEB 2024,2024-04-08,H - 2,-2,Angkutan Jalan,260496
ANGLEB 2024,2024-04-09,H - 1,-1,Angkutan Jalan,205917
ANGLEB 2024,2024-04-10,H 1,0,Angkutan Jalan,119188
ANGLEB 2024,2024-04-11,H 2,1,Angkutan Jalan,187182
ANGLEB 2024,2024-04-12,H + 1,2,Angkutan Jalan,216989
ANGLEB 2024,2024-04-13,H + 2,3,Angkutan Jalan,270514
ANGLEB 2024,2024-04-14,H + 3,4,Angkutan Jalan,322305
ANGLEB 2024,2024-04-15,H + 4,5,Angkutan Jalan,316645
ANGLEB 2024,2024-04-16,H + 5,6,Angkutan Jalan,273661
ANGLEB 2024,2024-04-17,H + 6,7,Angkutan Jalan,245240
ANGLEB 2024,2024-04-18,H + 7,8,Angkutan Jalan,203136
ANGLEB 2024,2024-04-19,H + 8,9,Angkutan Jalan,190562
ANGLEB 2024,2024-04-20,H + 9,10,Angkutan Jalan,205258
ANGLEB 2024,2024-04-21,H + 10,11,Angkutan Jalan,205825
ANGLEB 2024,2024-03-31,H - 10,-10,Angkutan Laut,75943
ANGLEB 2024,2024-04-01,H - 9,-9,Angkutan Laut,57934
ANGLEB 2024,2024-04-02,H - 8,-8,Angkutan Laut,69776
ANGLEB 2024,2024-04-03,H - 7,-7,Angkutan Laut,67382
ANGLEB 2024,2024-04-04,H - 6,-6,Angkutan Laut,76462
ANGLEB 2024,2024-04-05,H - 5,-5,Angkutan Laut,96323
ANGLEB 2024,2024-04-06,H - 4,-4,Angkutan Laut,99069
ANGLEB 2024,2024-04-07,H - 3,-3,Angkutan Laut,94138
ANGLEB 2024,2024-04-08,H - 2,-2,Angkutan Laut,87267
ANGLEB 2024,2024-04-09,H - 1,-1,Angkutan Laut,68083
ANGLEB 2024,2024-04-10,H 1,0,Angkutan Laut,55305
ANGLEB 2024,2024-04-11,H 2,1,Angkutan Laut,72109
ANGLEB 2024,2024-04-12,H + 1,2,Angkutan Laut,80220
ANGLEB 2024,2024-04-13,H + 2,3,Angkutan Laut,103279
ANGLEB 2024,2024-04-14,H + 3,4,Angkutan Laut,115310
ANGLEB 2024,2024-04-15,H + 4,5,Angkutan Laut,106691
ANGLEB 2024,2024-04-16,H + 5,6,Angkutan Laut,91164
ANGLEB 2024,2024-04-17,H + 6,7,Angkutan Laut,89704
ANGLEB 2024,2024-04-18,H + 7,8,Angkutan Laut,89476
ANGLEB 2024,2024-04-19,H + 8,9,Angkutan Laut,86246
ANGLEB 2024,2024-04-20,H + 9,10,Angkutan Laut,86014
ANGLEB 2024,2024-04-21,H + 10,11,Angkutan Laut,87649
ANGLEB 2024,2024-03-31,H - 10,-10,Angkutan Perkeretaapian,151663
ANGLEB 2024,2024-04-01,H - 9,-9,Angkutan Perkeretaapian,114230
ANGLEB 2024,2024-04-02,H - 8,-8,Angkutan Perkeretaapian,111704
ANGLEB 2024,2024-04-03,H - 7,-7,Angkutan Perkeretaapian,134008
ANGLEB 2024,2024-04-04,H - 6,-6,Angkutan Perkeretaapian,156397
ANGLEB 2024,2024-04-05,H - 5,-5,Angkutan Perkeretaapian,194044
ANGLEB 2024,2024-04-06,H - 4,-4,Angkutan Perkeretaapian,198544
ANGLEB 2024,2024-04-07,H - 3,-3,Angkutan Perkeretaapian,185766
ANGLEB 2024,2024-04-08,H - 2,-2,Angkutan Perkeretaapian,185349
ANGLEB 2024,2024-04-09,H - 1,-1,Angkutan Perkeretaapian,169899
ANGLEB 2024,2024-04-10,H 1,0,Angkutan Perkeretaapian,163306
ANGLEB 2024,2024-04-11,H 2,1,Angkutan Perkeretaapian,216722
ANGLEB 2024,2024-04-12,H + 1,2,Angkutan Perkeretaapian,233657
ANGLEB 2024,2024-04-13,H + 2,3,Angkutan Perkeretaapian,237240
ANGLEB 2024,2024-04-14,H + 3,4,Angkutan Perkeretaapian,242173
ANGLEB 2024,2024-04-15,H + 4,5,Angkutan Perkeretaapian,239707
ANGLEB 2024,2024-04-16,H + 5,6,Angkutan Perkeretaapian,203459
ANGLEB 2024,2024-04-17,H + 6,7,Angkutan Perkeretaapian,190410
ANGLEB 2024,2024-04-18,H + 7,8,Angkutan Perkeretaapian,178575
ANGLEB 2024,2024-04-19,H + 8,9,Angkutan Perkeretaapian,191551
ANGLEB 2024,2024-04-20,H + 9,10,Angkutan Perkeretaapian,187517
ANGLEB 2024,2024-04-21,H + 10,11,Angkutan Perkeretaapian,202539
ANGLEB 2024,2024-03-31,H - 10,-10,Angkutan SDP,120939
ANGLEB 2024,2024-04-01,H - 9,-9,Angkutan SDP,108764
ANGLEB 2024,2024-04-02,H - 8,-8,Angkutan SDP,117161
ANGLEB 2024,2024-04-03,H - 7,-7,Angkutan SDP,149666
ANGLEB 2024,2024-04-04,H - 6,-6,Angkutan SDP,195204
ANGLEB 2024,2024-04-05,H - 5,-5,Angkutan SDP,259972
ANGLEB 2024,2024-04-06,H - 4,-4,Angkutan SDP,350642
ANGLEB 2024,2024-04-07,H - 3,-3,Angkutan SDP,389585
ANGLEB 2024,2024-04-08,H - 2,-2,Angkutan SDP,348159
ANGLEB 2024,2024-04-09,H - 1,-1,Angkutan SDP,232441
ANGLEB 2024,2024-04-10,H 1,0,Angkutan SDP,166697
ANGLEB 2024,2024-04-11,H 2,1,Angkutan SDP,205252
ANGLEB 2024,2024-04-12,H + 1,2,Angkutan SDP,214969
ANGLEB 2024,2024-04-13,H + 2,3,Angkutan SDP,319649
ANGLEB 2024,2024-04-14,H + 3,4,Angkutan SDP,365993
ANGLEB 2024,2024-04-15,H + 4,5,Angkutan SDP,361361
ANGLEB 2024,2024-04-16,H + 5,6,Angkutan SDP,271272
ANGLEB 2024,2024-04-17,H + 6,7,Angkutan SDP,229362
ANGLEB 2024,2024-04-18,H + 7,8,Angkutan SDP,217697
ANGLEB 2024,2024-04-19,H + 8,9,Angkutan SDP,204422
ANGLEB 2024,2024-04-20,H + 9,10,Angkutan SDP,220642
ANGLEB 2024,2024-04-21,H + 10,11,Angkutan SDP,220678
ANGLEB 2024,2024-03-31,H - 10,-10,Angkutan Udara,218400
ANGLEB 2024,2024-04-01,H - 9,-9,Angkutan Udara,199945
ANGLEB 2024,2024-04-02,H - 8,-8,Angkutan Udara,199335
ANGLEB 2024,2024-04-03,H - 7,-7,Angkutan Udara,236852
ANGLEB 2024,2024-04-04,H - 6,-6,Angkutan Udara,263855
ANGLEB 2024,2024-04-05,H - 5,-5,Angkutan Udara,310213
ANGLEB 2024,2024-04-06,H - 4,-4,Angkutan Udara,329507
ANGLEB 2024,2024-04-07,H - 3,-3,Angkutan Udara,306995
ANGLEB 2024,2024-04-08,H - 2,-2,Angkutan Udara,280671
ANGLEB 2024,2024-04-09,H - 1,-1,Angkutan Udara,239385
ANGLEB 2024,2024-04-10,H 1,0,Angkutan Udara,177279
ANGLEB 2024,2024-04-11,H 2,1,Angkutan Udara,187634
ANGLEB 2024,2024-04-12,H + 1,2,Angkutan Udara,211916
ANGLEB 2024,2024-04-13,H + 2,3,Angkutan Udara,248046
ANGLEB 2024,2024-04-14,H + 3,4,Angkutan Udara,304306
ANGLEB 2024,2024-04-15,H + 4,5,Angkutan Udara,316657
ANGLEB 2024,2024-04-16,H + 5,6,Angkutan Udara,275774
ANGLEB 2024,2024-04-17,H + 6,7,Angkutan Udara,268796
ANGLEB 2024,2024-04-18,H + 7,8,Angkutan Udara,255390
ANGLEB 2024,2024-04-19,H + 8,9,Angkutan Udara,251622
ANGLEB 2024,2024-04-20,H + 9,10,Angkutan Udara,269705
ANGLEB 2024,2024-04-21,H + 10,11,Angkutan Udara,287626
ANGLEB 2025,2025-03-21,H - 10,-10,Angkutan Jalan,152997
ANGLEB 2025,2025-03-22,H - 9,-9,Angkutan Jalan,169097
ANGLEB 2025,2025-03-23,H - 8,-8,Angkutan Jalan,180767
ANGLEB 2025,2025-03-24,H - 7,-7,Angkutan Jalan,175401
ANGLEB 2025,2025-03-25,H - 6,-6,Angkutan Jalan,194033
ANGLEB 2025,2025-03-26,H - 5,-5,Angkutan Jalan,206633
ANGLEB 2025,2025-03-27,H - 4,-4,Angkutan Jalan,232632
ANGLEB 2025,2025-03-28,H - 3,-3,Angkutan Jalan,246691
ANGLEB 2025,2025-03-29,H - 2,-2,Angkutan Jalan,241842
ANGLEB 2025,2025-03-30,H - 1,-1,Angkutan Jalan,192311
ANGLEB 2025,2025-03-31,H 1,0,Angkutan Jalan,118354
ANGLEB 2025,2025-04-01,H 2,1,Angkutan Jalan,204914
ANGLEB 2025,2025-04-02,H + 1,2,Angkutan Jalan,237223
ANGLEB 2025,2025-04-03,H + 2,3,Angkutan Jalan,252273
ANGLEB 2025,2025-04-04,H + 3,4,Angkutan Jalan,260703
ANGLEB 2025,2025-04-05,H + 4,5,Angkutan Jalan,313795
ANGLEB 2025,2025-04-06,H + 5,6,Angkutan Jalan,350831
ANGLEB 2025,2025-04-07,H + 6,7,Angkutan Jalan,323137
ANGLEB 2025,2025-04-08,H + 7,8,Angkutan Jalan,266458
ANGLEB 2025,2025-04-09,H + 8,9,Angkutan Jalan,225799
ANGLEB 2025,2025-04-10,H + 9,10,Angkutan Jalan,210514
ANGLEB 2025,2025-04-11,H + 10,11,Angkutan Jalan,178326
ANGLEB 2025,2025-03-21,H - 10,-10,Angkutan Laut,81261
ANGLEB 2025,2025-03-22,H - 9,-9,Angkutan Laut,88811
ANGLEB 2025,2025-03-23,H - 8,-8,Angkutan Laut,94614
ANGLEB 2025,2025-03-24,H - 7,-7,Angkutan Laut,84568
ANGLEB 2025,2025-03-25,H - 6,-6,Angkutan Laut,90129
ANGLEB 2025,2025-03-26,H - 5,-5,Angkutan Laut,102607
ANGLEB 2025,2025-03-27,H - 4,-4,Angkutan Laut,105500
ANGLEB 2025,2025-03-28,H - 3,-3,Angkutan Laut,118494
ANGLEB 2025,2025-03-29,H - 2,-2,Angkutan Laut,98790
ANGLEB 2025,2025-03-30,H - 1,-1,Angkutan Laut,87825
ANGLEB 2025,2025-03-31,H 1,0,Angkutan Laut,78856
ANGLEB 2025,2025-04-01,H 2,1,Angkutan Laut,97381
ANGLEB 2025,2025-04-02,H + 1,2,Angkutan Laut,109992
ANGLEB 2025,2025-04-03,H + 2,3,Angkutan Laut,148272
ANGLEB 2025,2025-04-04,H + 3,4,Angkutan Laut,126023
ANGLEB 2025,2025-04-05,H + 4,5,Angkutan Laut,125235
ANGLEB 2025,2025-04-06,H + 5,6,Angkutan Laut,138319
ANGLEB 2025,2025-04-07,H + 6,7,Angkutan Laut,128779
ANGLEB 2025,2025-04-08,H + 7,8,Angkutan Laut,104137
ANGLEB 2025,2025-04-09,H + 8,9,Angkutan Laut,101194
ANGLEB 2025,2025-04-10,H + 9,10,Angkutan Laut,84790
ANGLEB 2025,2025-04-11,H + 10,11,Angkutan Laut,53069
ANGLEB 2025,2025-03-21,H - 10,-10,Angkutan Perkeretaapian,162050
ANGLEB 2025,2025-03-22,H - 9,-9,Angkutan Perkeretaapian,161815
ANGLEB 2025,2025-03-23,H - 8,-8,Angkutan Perkeretaapian,167962
ANGLEB 2025,2025-03-24,H - 7,-7,Angkutan Perkeretaapian,150677
ANGLEB 2025,2025-03-25,H - 6,-6,Angkutan Perkeretaapian,150933
ANGLEB 2025,2025-03-26,H - 5,-5,Angkutan Perkeretaapian,169072
ANGLEB 2025,2025-03-27,H - 4,-4,Angkutan Perkeretaapian,192981
ANGLEB 2025,2025-03-28,H - 3,-3,Angkutan Perkeretaapian,205745
ANGLEB 2025,2025-03-29,H - 2,-2,Angkutan Perkeretaapian,202639
ANGLEB 2025,2025-03-30,H - 1,-1,Angkutan Perkeretaapian,172293
ANGLEB 2025,2025-03-31,H 1,0,Angkutan Perkeretaapian,175957
ANGLEB 2025,2025-04-01,H 2,1,Angkutan Perkeretaapian,229225
ANGLEB 2025,2025-04-02,H + 1,2,Angkutan Perkeretaapian,249288
ANGLEB 2025,2025-04-03,H + 2,3,Angkutan Perkeretaapian,249427
ANGLEB 2025,2025-04-04,H + 3,4,Angkutan Perkeretaapian,243848
ANGLEB 2025,2025-04-05,H + 4,5,Angkutan Perkeretaapian,243777
ANGLEB 2025,2025-04-06,H + 5,6,Angkutan Perkeretaapian,249888
ANGLEB 2025,2025-04-07,H + 6,7,Angkutan Perkeretaapian,242931
ANGLEB 2025,2025-04-08,H + 7,8,Angkutan Perkeretaapian,203887
ANGLEB 2025,2025-04-09,H + 8,9,Angkutan Perkeretaapian,177951
ANGLEB 2025,2025-04-10,H + 9,10,Angkutan Perkeretaapian,168977
ANGLEB 2025,2025-04-11,H + 10,11,Angkutan Perkeretaapian,185376
ANGLEB 2025,2025-03-21,H - 10,-10,Angkutan SDP,172045
ANGLEB 2025,2025-03-22,H - 9,-9,Angkutan SDP,213646
ANGLEB 2025,2025-03-23,H - 8,-8,Angkutan SDP,252025
ANGLEB 2025,2025-03-24,H - 7,-7,Angkutan SDP,235146
ANGLEB 2025,2025-03-25,H - 6,-6,Angkutan SDP,252688
ANGLEB 2025,2025-03-26,H - 5,-5,Angkutan SDP,297302
ANGLEB 2025,2025-03-27,H - 4,-4,Angkutan SDP,320295
ANGLEB 2025,2025-03-28,H - 3,-3,Angkutan SDP,343731
ANGLEB 2025,2025-03-29,H - 2,-2,Angkutan SDP,253687
ANGLEB 2025,2025-03-30,H - 1,-1,Angkutan SDP,207155
ANGLEB 2025,2025-03-31,H 1,0,Angkutan SDP,173902
ANGLEB 2025,2025-04-01,H 2,1,Angkutan SDP,235595
ANGLEB 2025,2025-04-02,H + 1,2,Angkutan SDP,263188
ANGLEB 2025,2025-04-03,H + 2,3,Angkutan SDP,290945
ANGLEB 2025,2025-04-04,H + 3,4,Angkutan SDP,305812
ANGLEB 2025,2025-04-05,H + 4,5,Angkutan SDP,347259
ANGLEB 2025,2025-04-06,H + 5,6,Angkutan SDP,391964
ANGLEB 2025,2025-04-07,H + 6,7,Angkutan SDP,349987
ANGLEB 2025,2025-04-08,H + 7,8,Angkutan SDP,267404
ANGLEB 2025,2025-04-09,H + 8,9,Angkutan SDP,223785
ANGLEB 2025,2025-04-10,H + 9,10,Angkutan SDP,216606
ANGLEB 2025,2025-04-11,H + 10,11,Angkutan SDP,209800
ANGLEB 2025,2025-03-21,H - 10,-10,Angkutan Udara,223001
ANGLEB 2025,2025-03-22,H - 9,-9,Angkutan Udara,230983
ANGLEB 2025,2025-03-23,H - 8,-8,Angkutan Udara,230020
ANGLEB 2025,2025-03-24,H - 7,-7,Angkutan Udara,256262
ANGLEB 2025,2025-03-25,H - 6,-6,Angkutan Udara,260399
ANGLEB 2025,2025-03-26,H - 5,-5,Angkutan Udara,278341
ANGLEB 2025,2025-03-27,H - 4,-4,Angkutan Udara,291409
ANGLEB 2025,2025-03-28,H - 3,-3,Angkutan Udara,307284
ANGLEB 2025,2025-03-29,H - 2,-2,Angkutan Udara,260004
ANGLEB 2025,2025-03-30,H - 1,-1,Angkutan Udara,240369
ANGLEB 2025,2025-03-31,H 1,0,Angkutan Udara,203134
ANGLEB 2025,2025-04-01,H 2,1,Angkutan Udara,213875
ANGLEB 2025,2025-04-02,H + 1,2,Angkutan Udara,235352
ANGLEB 2025,2025-04-03,H + 2,3,Angkutan Udara,240745
ANGLEB 2025,2025-04-04,H + 3,4,Angkutan Udara,256833
ANGLEB 2025,2025-04-05,H + 4,5,Angkutan Udara,288663
ANGLEB 2025,2025-04-06,H + 5,6,Angkutan Udara,313981
ANGLEB 2025,2025-04-07,H + 6,7,Angkutan Udara,313187
ANGLEB 2025,2025-04-08,H + 7,8,Angkutan Udara,271813
ANGLEB 2025,2025-04-09,H + 8,9,Angkutan Udara,263913
ANGLEB 2025,2025-04-10,H + 9,10,Angkutan Udara,255953
ANGLEB 2025,2025-04-11,H + 10,11,Angkutan Udara,263366
NATARU 2024 2025,2024-12-15,H - 10,-10,Angkutan Jalan,131102
NATARU 2024 2025,2024-12-16,H - 9,-9,Angkutan Jalan,118986
NATARU 2024 2025,2024-12-17,H - 8,-8,Angkutan Jalan,99919
NATARU 2024 2025,2024-12-18,H - 7,-7,Angkutan Jalan,158052
NATARU 2024 2025,2024-12-19,H - 6,-6,Angkutan Jalan,191750
NATARU 2024 2025,2024-12-20,H - 5,-5,Angkutan Jalan,178381
NATARU 2024 2025,2024-12-21,H - 4,-4,Angkutan Jalan,189181
NATARU 2024 2025,2024-12-22,H - 3,-3,Angkutan Jalan,194169
NATARU 2024 2025,2024-12-23,H - 2,-2,Angkutan Jalan,222775
NATARU 2024 2025,2024-12-24,H - 1,-1,Angkutan Jalan,221104
NATARU 2024 2025,2024-12-25,H 1,0,Angkutan Jalan,207618
NATARU 2024 2025,2024-12-26,H + 1,2,Angkutan Jalan,206409
NATARU 2024 2025,2024-12-27,H + 2,3,Angkutan Jalan,183944
NATARU 2024 2025,2024-12-28,H + 3,4,Angkutan Jalan,217676
NATARU 2024 2025,2024-12-29,H + 4,5,Angkutan Jalan,230527
NATARU 2024 2025,2024-12-30,H + 5,6,Angkutan Jalan,216316
NATARU 2024 2025,2024-12-31,H + 6,7,Angkutan Jalan,183279
NATARU 2024 2025,2025-01-01,H + 7,8,Angkutan Jalan,193439
NATARU 2024 2025,2025-01-02,H + 8,9,Angkutan Jalan,196839
NATARU 2024 2025,2025-01-03,H + 9,10,Angkutan Jalan,197530
NATARU 2024 2025,2025-01-04,H + 10,11,Angkutan Jalan,195371
NATARU 2024 2025,2024-12-15,H - 10,-10,Angkutan Laut,78825
NATARU 2024 2025,2024-12-16,H - 9,-9,Angkutan Laut,44263
NATARU 2024 2025,2024-12-17,H - 8,-8,Angkutan Laut,55706
NATARU 2024 2025,2024-12-18,H - 7,-7,Angkutan Laut,82960
NATARU 2024 2025,2024-12-19,H - 6,-6,Angkutan Laut,90905
NATARU 2024 2025,2024-12-20,H - 5,-5,Angkutan Laut,94233
NATARU 2024 2025,2024-12-21,H - 4,-4,Angkutan Laut,98805
NATARU 2024 2025,2024-12-22,H - 3,-3,Angkutan Laut,102286
NATARU 2024 2025,2024-12-23,H - 2,-2,Angkutan Laut,97487
NATARU 2024 2025,2024-12-24,H - 1,-1,Angkutan Laut,86529
NATARU 2024 2025,2024-12-25,H 1,0,Angkutan Laut,77110
NATARU 2024 2025,2024-12-26,H + 1,2,Angkutan Laut,96761
NATARU 2024 2025,2024-12-27,H + 2,3,Angkutan Laut,91115
NATARU 2024 2025,2024-12-28,H + 3,4,Angkutan Laut,100423
NATARU 2024 2025,2024-12-29,H + 4,5,Angkutan Laut,98156
NATARU 2024 2025,2024-12-30,H + 5,6,Angkutan Laut,85459
NATARU 2024 2025,2024-12-31,H + 6,7,Angkutan Laut,70926
NATARU 2024 2025,2025-01-01,H + 7,8,Angkutan Laut,64557
NATARU 2024 2025,2025-01-02,H + 8,9,Angkutan Laut,87879
NATARU 2024 2025,2025-01-03,H + 9,10,Angkutan Laut,76414
NATARU 2024 2025,2025-01-04,H + 10,11,Angkutan Laut,69712
NATARU 2024 2025,2024-12-15,H - 10,-10,Angkutan Perkeretaapian,180991
NATARU 2024 2025,2024-12-16,H - 9,-9,Angkutan Perkeretaapian,159143
NATARU 2024 2025,2024-12-17,H - 8,-8,Angkutan Perkeretaapian,144198
NATARU 2024 2025,2024-12-18,H - 7,-7,Angkutan Perkeretaapian,164330
NATARU 2024 2025,2024-12-19,H - 6,-6,Angkutan Perkeretaapian,180559
NATARU 2024 2025,2024-12-20,H - 5,-5,Angkutan Perkeretaapian,220033
NATARU 2024 2025,2024-12-21,H - 4,-4,Angkutan Perkeretaapian,227499
NATARU 2024 2025,2024-12-22,H - 3,-3,Angkutan Perkeretaapian,235168
NATARU 2024 2025,2024-12-23,H - 2,-2,Angkutan Perkeretaapian,220986
NATARU 2024 2025,2024-12-24,H - 1,-1,Angkutan Perkeretaapian,238219
NATARU 2024 2025,2024-12-25,H 1,0,Angkutan Perkeretaapian,220725
NATARU 2024 2025,2024-12-26,H + 1,2,Angkutan Perkeretaapian,223703
NATARU 2024 2025,2024-12-27,H + 2,3,Angkutan Perkeretaapian,219341
NATARU 2024 2025,2024-12-28,H + 3,4,Angkutan Perkeretaapian,225258
NATARU 2024 2025,2024-12-29,H + 4,5,Angkutan Perkeretaapian,245982
NATARU 2024 2025,2024-12-30,H + 5,6,Angkutan Perkeretaapian,211679
NATARU 2024 2025,2024-12-31,H + 6,7,Angkutan Perkeretaapian,188813
NATARU 2024 2025,2025-01-01,H + 7,8,Angkutan Perkeretaapian,218419
NATARU 2024 2025,2025-01-02,H + 8,9,Angkutan Perkeretaapian,213065
NATARU 2024 2025,2025-01-03,H + 9,10,Angkutan Perkeretaapian,207495
NATARU 2024 2025,2025-01-04,H + 10,11,Angkutan Perkeretaapian,212141
NATARU 2024 2025,2024-12-15,H - 10,-10,Angkutan SDP,83709
NATARU 2024 2025,2024-12-16,H - 9,-9,Angkutan SDP,76143
NATARU 2024 2025,2024-12-17,H - 8,-8,Angkutan SDP,90366
NATARU 2024 2025,2024-12-18,H - 7,-7,Angkutan SDP,120370
NATARU 2024 2025,2024-12-19,H - 6,-6,Angkutan SDP,117987
NATARU 2024 2025,2024-12-20,H - 5,-5,Angkutan SDP,142823
NATARU 2024 2025,2024-12-21,H - 4,-4,Angkutan SDP,170464
NATARU 2024 2025,2024-12-22,H - 3,-3,Angkutan SDP,178599
NATARU 2024 2025,2024-12-23,H - 2,-2,Angkutan SDP,156564
NATARU 2024 2025,2024-12-24,H - 1,-1,Angkutan SDP,152011
NATARU 2024 2025,2024-12-25,H 1,0,Angkutan SDP,165187
NATARU 2024 2025,2024-12-26,H + 1,2,Angkutan SDP,146516
NATARU 2024 2025,2024-12-27,H + 2,3,Angkutan SDP,142191
NATARU 2024 2025,2024-12-28,H + 3,4,Angkutan SDP,160567
NATARU 2024 2025,2024-12-29,H + 4,5,Angkutan SDP,176067
NATARU 2024 2025,2024-12-30,H + 5,6,Angkutan SDP,142958
NATARU 2024 2025,2024-12-31,H + 6,7,Angkutan SDP,110113
NATARU 2024 2025,2025-01-01,H + 7,8,Angkutan SDP,129761
NATARU 2024 2025,2025-01-02,H + 8,9,Angkutan SDP,144699
NATARU 2024 2025,2025-01-03,H + 9,10,Angkutan SDP,153610
NATARU 2024 2025,2025-01-04,H + 10,11,Angkutan SDP,156976
NATARU 2024 2025,2024-12-15,H - 10,-10,Angkutan Udara,243693
NATARU 2024 2025,2024-12-16,H - 9,-9,Angkutan Udara,243643
NATARU 2024 2025,2024-12-17,H - 8,-8,Angkutan Udara,232631
NATARU 2024 2025,2024-12-18,H - 7,-7,Angkutan Udara,261238
NATARU 2024 2025,2024-12-19,H - 6,-6,Angkutan Udara,284062
NATARU 2024 2025,2024-12-20,H - 5,-5,Angkutan Udara,294606
NATARU 2024 2025,2024-12-21,H - 4,-4,Angkutan Udara,301116
NATARU 2024 2025,2024-12-22,H - 3,-3,Angkutan Udara,301488
NATARU 2024 2025,2024-12-23,H - 2,-2,Angkutan Udara,282271
NATARU 2024 2025,2024-12-24,H - 1,-1,Angkutan Udara,250937
NATARU 2024 2025,2024-12-25,H 1,0,Angkutan Udara,244925
NATARU 2024 2025,2024-12-26,H + 1,2,Angkutan Udara,248737
NATARU 2024 2025,2024-12-27,H + 2,3,Angkutan Udara,241079
NATARU 2024 2025,2024-12-28,H + 3,4,Angkutan Udara,249925
NATARU 2024 2025,2024-12-29,H + 4,5,Angkutan Udara,264110
NATARU 2024 2025,2024-12-30,H + 5,6,Angkutan Udara,229352
NATARU 2024 2025,2024-12-31,H + 6,7,Angkutan Udara,201330
NATARU 2024 2025,2025-01-01,H + 7,8,Angkutan Udara,222310
NATARU 2024 2025,2025-01-02,H + 8,9,Angkutan Udara,249976
NATARU 2024 2025,2025-01-03,H + 9,10,Angkutan Udara,264329
NATARU 2024 2025,2025-01-04,H + 10,11,Angkutan Udara,247335
