komoditas,tahun_hijri,basis,rel_puncak,naik_pct,rel_sisa30,rel_sisa42,diuji,lengket30,lengket42
Bawang Merah,1440,34316.67,1.2239,22.39,1.0811,0.9981,True,0.362,-0.009
Bawang Merah,1441,37366.67,1.5321,53.21,1.2725,1.1789,True,0.512,0.336
Bawang Merah,1443,35283.33,1.0515,5.15,,,True,,
Bawang Merah,1444,42116.67,0.926,-7.4,0.9913,0.9604,False,,
Bawang Merah,1445,39833.33,1.3594,35.94,1.3167,1.2552,True,0.881,0.71
Bawang Merah,1446,41766.67,1.1349,13.49,1.0702,,True,0.521,
Bawang Merah,1447,48783.33,0.9368,-6.32,0.947,0.944,False,,
Bawang Putih,1440,30933.33,1.9833,98.33,1.2624,1.201,True,0.267,0.204
Bawang Putih,1441,44916.67,0.9061,-9.39,0.59,0.5622,False,,
Bawang Putih,1443,30600.0,1.0784,7.84,,,True,,
Bawang Putih,1444,30150.0,1.1476,14.76,1.2852,1.2968,True,1.933,2.011
Bawang Putih,1445,41266.67,1.128,12.8,1.1256,1.122,True,0.981,0.953
Bawang Putih,1446,44816.67,1.0576,5.76,1.0353,,True,0.613,
Bawang Putih,1447,40433.33,1.0177,1.77,0.9831,0.9732,False,,
Beras,1440,11816.67,0.9901,-0.99,0.9901,0.9901,False,,
Beras,1441,11850.0,1.0084,0.84,1.0,1.0,False,,
Beras,1443,11800.0,1.1653,16.53,,,True,,
Beras,1444,13016.67,1.0333,3.33,1.0333,1.0371,True,1.0,1.115
Beras,1445,14866.67,1.0762,7.62,1.0392,1.0359,True,0.515,0.471
Beras,1446,15233.33,1.0044,0.44,1.0044,,False,,
Beras,1447,15750.0,1.0063,0.63,1.0127,1.0127,False,,
Cabai Merah,1440,28933.33,1.678,67.8,1.9407,2.0616,True,1.387,1.566
Cabai Merah,1441,40066.67,0.8448,-15.52,0.7974,0.765,False,,
Cabai Merah,1443,43400.0,1.2776,27.76,,,True,,
Cabai Merah,1444,42283.33,1.1778,17.78,1.0229,1.0335,True,0.129,0.188
Cabai Merah,1445,55833.33,1.3272,32.72,0.951,0.9242,True,-0.15,-0.232
Cabai Merah,1446,57416.67,1.1451,14.51,1.0189,,True,0.13,
Cabai Merah,1447,45316.67,1.2369,23.69,1.0327,1.0416,True,0.138,0.175
Cabai Rawit,1440,35183.33,1.3018,30.18,1.4069,1.7409,True,1.349,2.455
Cabai Rawit,1441,38733.33,1.012,1.2,0.8701,0.861,False,,
Cabai Rawit,1443,51483.33,1.2868,28.68,,,True,,
Cabai Rawit,1444,51516.67,1.1715,17.15,0.8143,0.8308,True,-1.083,-0.987
Cabai Rawit,1445,49400.0,1.3117,31.17,1.0455,1.0263,True,0.146,0.084
Cabai Rawit,1446,72133.33,1.1846,18.46,0.836,,True,-0.889,
Cabai Rawit,1447,62600.0,1.2708,27.08,0.9249,0.8698,True,-0.277,-0.481
Daging Ayam,1440,32316.67,1.1712,17.12,1.0165,1.1294,True,0.096,0.756
Daging Ayam,1441,32866.67,1.1273,12.73,1.1334,1.1851,True,1.048,1.454
Daging Ayam,1443,35566.67,1.3144,31.44,,,True,,
Daging Ayam,1444,34216.67,1.0828,8.28,1.1237,1.1398,True,1.494,1.688
Daging Ayam,1445,36516.67,1.1022,10.22,1.0612,1.0653,True,0.598,0.638
Daging Ayam,1446,38850.0,0.9678,-3.22,0.888,,False,,
Daging Ayam,1447,41100.0,1.0681,6.81,0.9586,0.9392,True,-0.607,-0.893
Daging Sapi,1440,116416.67,1.0243,2.43,1.0127,1.0115,True,0.524,0.471
Daging Sapi,1441,117916.67,1.024,2.4,1.0016,1.0016,True,0.065,0.065
Daging Sapi,1443,125183.33,1.1683,16.83,,,True,,
Daging Sapi,1444,134133.33,1.0251,2.51,1.0083,1.0072,True,0.332,0.287
Daging Sapi,1445,134450.0,1.0208,2.08,1.01,1.0086,True,0.482,0.411
Daging Sapi,1446,135400.0,1.034,3.4,1.0103,,True,0.304,
Daging Sapi,1447,139100.0,1.0579,5.79,1.0395,1.0403,True,0.683,0.696
Gula Pasir,1440,13233.33,1.0542,5.42,1.0466,1.0466,True,0.86,0.86
Gula Pasir,1441,16316.67,1.1277,12.77,0.9775,0.9561,True,-0.176,-0.344
Gula Pasir,1443,14783.33,1.0383,3.83,,,True,,
Gula Pasir,1444,15083.33,1.0077,0.77,1.011,1.011,False,,
Gula Pasir,1445,17783.33,1.0319,3.19,1.06,1.06,True,1.882,1.882
Gula Pasir,1446,18833.33,1.0248,2.48,1.0248,,True,1.0,
Gula Pasir,1447,18883.33,1.0247,2.47,1.0406,1.0406,True,1.643,1.643
Minyak Goreng,1440,13133.33,1.0165,1.65,0.9975,0.9975,False,,
Minyak Goreng,1441,13750.0,1.0036,0.36,0.9891,0.9891,False,,
Minyak Goreng,1443,18650.0,1.378,37.8,,,True,,
Minyak Goreng,1444,19416.67,1.0094,0.94,1.0017,1.0017,False,,
Minyak Goreng,1445,18783.33,1.0195,1.95,1.0195,1.0169,False,,
Minyak Goreng,1446,20600.0,1.0194,1.94,1.0218,,False,,
Minyak Goreng,1447,21166.67,1.0276,2.76,1.0606,1.0677,True,2.2,2.457
Telur Ayam,1440,23700.0,1.2447,24.47,1.0506,1.0422,True,0.207,0.172
Telur Ayam,1441,25700.0,0.9981,-0.19,1.0195,1.0214,False,,
Telur Ayam,1443,24233.33,1.3205,32.05,,,True,,
Telur Ayam,1444,29466.67,1.0249,2.49,1.0826,1.0826,True,3.318,3.318
Telur Ayam,1445,28966.67,1.1289,12.89,1.0857,1.0806,True,0.665,0.625
Telur Ayam,1446,30933.33,0.9908,-0.92,0.9731,,False,,
Telur Ayam,1447,32483.33,1.0375,3.75,0.9867,0.9713,True,-0.356,-0.767
