tanggal,komoditas,harga_nasional
2018-10-15,Bawang Merah,22300.0
2018-11-15,Bawang Merah,25400.0
2018-12-14,Bawang Merah,30000.0
2019-01-15,Bawang Merah,33400.0
2019-02-15,Bawang Merah,28800.0
2019-03-15,Bawang Merah,33050.0
2019-04-15,Bawang Merah,40800.0
2019-05-15,Bawang Merah,37300.0
2019-07-15,Bawang Merah,34650.0
2019-09-13,Bawang Merah,23750.0
2019-10-15,Bawang Merah,25500.0
2019-11-15,Bawang Merah,29600.0
2019-12-13,Bawang Merah,33450.0
2020-01-15,Bawang Merah,37250.0
2020-03-13,Bawang Merah,37400.0
2020-04-15,Bawang Merah,43200.0
2020-05-15,Bawang Merah,52450.0
2020-06-15,Bawang Merah,53050.0
2020-07-15,Bawang Merah,38050.0
2020-09-15,Bawang Merah,31100.0
2020-10-15,Bawang Merah,33850.0
2020-12-15,Bawang Merah,37000.0
2021-01-15,Bawang Merah,32800.0
2021-02-15,Bawang Merah,32700.0
2021-03-15,Bawang Merah,35350.0
2021-04-15,Bawang Merah,34200.0
2021-06-15,Bawang Merah,30950.0
2021-07-15,Bawang Merah,32600.0
2021-09-15,Bawang Merah,30350.0
2021-10-15,Bawang Merah,29900.0
2021-11-15,Bawang Merah,28350.0
2021-12-15,Bawang Merah,28250.0
2022-02-15,Bawang Merah,35750.0
2022-03-15,Bawang Merah,37250.0
2022-04-15,Bawang Merah,36300.0
2022-06-15,Bawang Merah,50250.0
2022-07-15,Bawang Merah,64550.0
2022-09-15,Bawang Merah,36500.0
2022-10-14,Bawang Merah,35700.0
2022-11-15,Bawang Merah,37350.0
2022-12-15,Bawang Merah,38300.0
2023-01-13,Bawang Merah,40400.0
2023-02-15,Bawang Merah,41600.0
2023-03-15,Bawang Merah,37900.0
2023-04-14,Bawang Merah,36350.0
2023-05-15,Bawang Merah,42900.0
2023-06-15,Bawang Merah,40500.0
2023-09-15,Bawang Merah,27800.0
2023-10-13,Bawang Merah,27000.0
2023-11-15,Bawang Merah,31000.0
2023-12-15,Bawang Merah,34650.0
2024-01-15,Bawang Merah,41700.0
2024-02-15,Bawang Merah,36850.0
2024-03-15,Bawang Merah,37100.0
2024-04-15,Bawang Merah,42900.0
2024-05-15,Bawang Merah,50950.0
2024-06-14,Bawang Merah,45600.0
2024-07-15,Bawang Merah,36050.0
2024-09-13,Bawang Merah,29450.0
2024-10-15,Bawang Merah,31400.0
2024-11-15,Bawang Merah,41000.0
2024-12-13,Bawang Merah,42950.0
2025-01-15,Bawang Merah,41800.0
2025-02-14,Bawang Merah,37000.0
2025-03-14,Bawang Merah,44800.0
2025-04-15,Bawang Merah,49550.0
2025-05-15,Bawang Merah,41650.0
2025-06-13,Bawang Merah,44150.0
2025-07-15,Bawang Merah,49150.0
2025-09-15,Bawang Merah,43950.0
2025-10-15,Bawang Merah,41900.0
2025-11-14,Bawang Merah,41550.0
2025-12-15,Bawang Merah,52950.0
2026-01-15,Bawang Merah,46600.0
2026-02-13,Bawang Merah,44350.0
2026-03-13,Bawang Merah,43700.0
2026-04-15,Bawang Merah,46550.0
2026-05-15,Bawang Merah,47350.0
2026-06-15,Bawang Merah,55000.0
2026-07-15,Bawang Merah,44550.0
2018-10-15,Bawang Putih,24350.0
2018-11-15,Bawang Putih,24900.0
2018-12-14,Bawang Putih,23900.0
2019-01-15,Bawang Putih,24150.0
2019-02-15,Bawang Putih,25450.0
2019-03-15,Bawang Putih,29950.0
2019-04-15,Bawang Putih,41800.0
2019-05-15,Bawang Putih,51750.0
2019-07-15,Bawang Putih,37450.0
2019-09-13,Bawang Putih,32350.0
2019-10-15,Bawang Putih,31150.0
2019-11-15,Bawang Putih,31500.0
2019-12-13,Bawang Putih,32200.0
2020-01-15,Bawang Putih,35050.0
2020-03-13,Bawang Putih,44500.0
2020-04-15,Bawang Putih,43150.0
2020-05-15,Bawang Putih,36100.0
2020-06-15,Bawang Putih,28050.0
2020-07-15,Bawang Putih,23350.0
2020-09-15,Bawang Putih,26800.0
2020-10-15,Bawang Putih,26700.0
2020-12-15,Bawang Putih,28650.0
2021-01-15,Bawang Putih,28350.0
2021-02-15,Bawang Putih,28600.0
2021-03-15,Bawang Putih,29650.0
2021-04-15,Bawang Putih,30200.0
2021-06-15,Bawang Putih,29950.0
2021-07-15,Bawang Putih,29900.0
2021-09-15,Bawang Putih,29850.0
2021-10-15,Bawang Putih,29650.0
2021-11-15,Bawang Putih,29450.0
2021-12-15,Bawang Putih,28750.0
2022-02-15,Bawang Putih,30600.0
2022-03-15,Bawang Putih,31550.0
2022-04-15,Bawang Putih,31350.0
2022-06-15,Bawang Putih,30100.0
2022-07-15,Bawang Putih,29300.0
2022-09-15,Bawang Putih,28750.0
2022-10-14,Bawang Putih,28200.0
2022-11-15,Bawang Putih,27650.0
2022-12-15,Bawang Putih,28150.0
2023-01-13,Bawang Putih,29600.0
2023-02-15,Bawang Putih,30250.0
2023-03-15,Bawang Putih,33800.0
2023-04-14,Bawang Putih,33650.0
2023-05-15,Bawang Putih,38200.0
2023-06-15,Bawang Putih,39450.0
2023-09-15,Bawang Putih,39250.0
2023-10-13,Bawang Putih,38400.0
2023-11-15,Bawang Putih,37750.0
2023-12-15,Bawang Putih,38500.0
2024-01-15,Bawang Putih,41300.0
2024-02-15,Bawang Putih,40550.0
2024-03-15,Bawang Putih,43000.0
2024-04-15,Bawang Putih,44350.0
2024-05-15,Bawang Putih,46550.0
2024-06-14,Bawang Putih,44650.0
2024-07-15,Bawang Putih,42500.0
2024-09-13,Bawang Putih,42000.0
2024-10-15,Bawang Putih,42400.0
2024-11-15,Bawang Putih,43650.0
2024-12-13,Bawang Putih,44550.0
2025-01-15,Bawang Putih,44700.0
2025-02-14,Bawang Putih,44750.0
2025-03-14,Bawang Putih,46350.0
2025-04-15,Bawang Putih,47650.0
2025-05-15,Bawang Putih,44950.0
2025-06-13,Bawang Putih,42150.0
2025-07-15,Bawang Putih,41200.0
2025-09-15,Bawang Putih,39500.0
2025-10-15,Bawang Putih,39100.0
2025-11-14,Bawang Putih,38600.0
2025-12-15,Bawang Putih,39950.0
2026-01-15,Bawang Putih,40550.0
2026-02-13,Bawang Putih,40850.0
2026-03-13,Bawang Putih,40200.0
2026-04-15,Bawang Putih,39950.0
2026-05-15,Bawang Putih,38900.0
2026-06-15,Bawang Putih,42650.0
2026-07-15,Bawang Putih,44050.0
2018-10-15,Beras,11750.0
2018-11-15,Beras,11750.0
2018-12-14,Beras,11800.0
2019-01-15,Beras,11900.0
2019-02-15,Beras,11950.0
2019-03-15,Beras,11850.0
2019-04-15,Beras,11700.0
2019-05-15,Beras,11700.0
2019-07-15,Beras,11700.0
2019-09-13,Beras,11700.0
2019-10-15,Beras,11750.0
2019-11-15,Beras,11800.0
2019-12-13,Beras,11750.0
2020-01-15,Beras,11850.0
2020-03-13,Beras,11850.0
2020-04-15,Beras,11900.0
2020-05-15,Beras,11900.0
2020-06-15,Beras,11850.0
2020-07-15,Beras,11850.0
2020-09-15,Beras,11800.0
2020-10-15,Beras,11800.0
2020-12-15,Beras,11800.0
2021-01-15,Beras,11800.0
2021-02-15,Beras,11800.0
2021-03-15,Beras,11800.0
2021-04-15,Beras,11800.0
2021-06-15,Beras,11750.0
2021-07-15,Beras,11700.0
2021-09-15,Beras,11650.0
2021-10-15,Beras,11650.0
2021-11-15,Beras,11650.0
2021-12-15,Beras,11700.0
2022-02-15,Beras,11800.0
2022-03-15,Beras,11800.0
2022-04-15,Beras,12650.0
2022-06-15,Beras,11750.0
2022-07-15,Beras,11750.0
2022-09-15,Beras,12050.0
2022-10-14,Beras,12150.0
2022-11-15,Beras,12200.0
2022-12-15,Beras,12550.0
2023-01-13,Beras,12750.0
2023-02-15,Beras,13100.0
2023-03-15,Beras,13300.0
2023-04-14,Beras,13400.0
2023-05-15,Beras,13450.0
2023-06-15,Beras,13500.0
2023-09-15,Beras,14200.0
2023-10-13,Beras,14550.0
2023-11-15,Beras,14650.0
2023-12-15,Beras,14700.0
2024-01-15,Beras,14800.0
2024-02-15,Beras,15350.0
2024-03-15,Beras,16000.0
2024-04-15,Beras,15800.0
2024-05-15,Beras,15450.0
2024-06-14,Beras,15350.0
2024-07-15,Beras,15350.0
2024-09-13,Beras,15350.0
2024-10-15,Beras,15300.0
2024-11-15,Beras,15250.0
2024-12-13,Beras,15200.0
2025-01-15,Beras,15250.0
2025-02-14,Beras,15250.0
2025-03-14,Beras,15200.0
2025-04-15,Beras,15300.0
2025-05-15,Beras,15350.0
2025-06-13,Beras,15500.0
2025-07-15,Beras,15800.0
2025-09-15,Beras,15900.0
2025-10-15,Beras,15800.0
2025-11-14,Beras,15750.0
2025-12-15,Beras,15750.0
2026-01-15,Beras,15750.0
2026-02-13,Beras,15800.0
2026-03-13,Beras,15850.0
2026-04-15,Beras,15950.0
2026-05-15,Beras,16000.0
2026-06-15,Beras,16050.0
2026-07-15,Beras,16200.0
2018-10-15,Cabai Merah,33400.0
2018-11-15,Cabai Merah,32200.0
2018-12-14,Cabai Merah,33450.0
2019-01-15,Cabai Merah,30700.0
2019-02-15,Cabai Merah,27350.0
2019-03-15,Cabai Merah,28500.0
2019-04-15,Cabai Merah,32300.0
2019-05-15,Cabai Merah,38350.0
2019-07-15,Cabai Merah,60000.0
2019-09-13,Cabai Merah,47000.0
2019-10-15,Cabai Merah,46200.0
2019-11-15,Cabai Merah,41600.0
2019-12-13,Cabai Merah,31850.0
2020-01-15,Cabai Merah,45850.0
2020-03-13,Cabai Merah,39650.0
2020-04-15,Cabai Merah,32050.0
2020-05-15,Cabai Merah,27700.0
2020-06-15,Cabai Merah,28850.0
2020-07-15,Cabai Merah,32250.0
2020-09-15,Cabai Merah,33000.0
2020-10-15,Cabai Merah,42950.0
2020-12-15,Cabai Merah,51050.0
2021-01-15,Cabai Merah,51350.0
2021-02-15,Cabai Merah,49050.0
2021-03-15,Cabai Merah,49400.0
2021-04-15,Cabai Merah,53250.0
2021-06-15,Cabai Merah,32650.0
2021-07-15,Cabai Merah,37300.0
2021-09-15,Cabai Merah,28250.0
2021-10-15,Cabai Merah,34700.0
2021-11-15,Cabai Merah,41900.0
2021-12-15,Cabai Merah,50850.0
2022-02-15,Cabai Merah,43050.0
2022-03-15,Cabai Merah,54450.0
2022-04-15,Cabai Merah,45600.0
2022-06-15,Cabai Merah,71650.0
2022-07-15,Cabai Merah,83250.0
2022-09-15,Cabai Merah,63400.0
2022-10-14,Cabai Merah,50000.0
2022-11-15,Cabai Merah,36800.0
2022-12-15,Cabai Merah,38650.0
2023-01-13,Cabai Merah,41750.0
2023-02-15,Cabai Merah,42950.0
2023-03-15,Cabai Merah,48600.0
2023-04-14,Cabai Merah,40100.0
2023-05-15,Cabai Merah,41900.0
2023-06-15,Cabai Merah,42250.0
2023-09-15,Cabai Merah,42000.0
2023-10-13,Cabai Merah,44450.0
2023-11-15,Cabai Merah,64600.0
2023-12-15,Cabai Merah,76500.0
2024-01-15,Cabai Merah,54950.0
2024-02-15,Cabai Merah,63650.0
2024-03-15,Cabai Merah,71900.0
2024-04-15,Cabai Merah,52300.0
2024-05-15,Cabai Merah,52300.0
2024-06-14,Cabai Merah,63250.0
2024-07-15,Cabai Merah,50750.0
2024-09-13,Cabai Merah,39350.0
2024-10-15,Cabai Merah,34750.0
2024-11-15,Cabai Merah,32900.0
2024-12-13,Cabai Merah,36450.0
2025-01-15,Cabai Merah,56350.0
2025-02-14,Cabai Merah,53600.0
2025-03-14,Cabai Merah,53300.0
2025-04-15,Cabai Merah,61600.0
2025-05-15,Cabai Merah,54700.0
2025-06-13,Cabai Merah,50800.0
2025-07-15,Cabai Merah,51000.0
2025-09-15,Cabai Merah,55950.0
2025-10-15,Cabai Merah,56350.0
2025-11-14,Cabai Merah,56000.0
2025-12-15,Cabai Merah,62450.0
2026-01-15,Cabai Merah,40700.0
2026-02-13,Cabai Merah,45450.0
2026-03-13,Cabai Merah,47400.0
2026-04-15,Cabai Merah,45000.0
2026-05-15,Cabai Merah,52950.0
2026-06-15,Cabai Merah,57150.0
2026-07-15,Cabai Merah,47450.0
2018-10-15,Cabai Rawit,36800.0
2018-11-15,Cabai Rawit,37150.0
2018-12-14,Cabai Rawit,38450.0
2019-01-15,Cabai Rawit,37000.0
2019-02-15,Cabai Rawit,31250.0
2019-03-15,Cabai Rawit,35700.0
2019-04-15,Cabai Rawit,36300.0
2019-05-15,Cabai Rawit,41100.0
2019-07-15,Cabai Rawit,60600.0
2019-09-13,Cabai Rawit,60150.0
2019-10-15,Cabai Rawit,56500.0
2019-11-15,Cabai Rawit,52800.0
2019-12-13,Cabai Rawit,37750.0
2020-01-15,Cabai Rawit,50050.0
2020-03-13,Cabai Rawit,38250.0
2020-04-15,Cabai Rawit,42250.0
2020-05-15,Cabai Rawit,32250.0
2020-06-15,Cabai Rawit,33150.0
2020-07-15,Cabai Rawit,34500.0
2020-09-15,Cabai Rawit,31850.0
2020-10-15,Cabai Rawit,34250.0
2020-12-15,Cabai Rawit,47850.0
2021-01-15,Cabai Rawit,69900.0
2021-02-15,Cabai Rawit,70650.0
2021-03-15,Cabai Rawit,77900.0
2021-04-15,Cabai Rawit,70000.0
2021-06-15,Cabai Rawit,46250.0
2021-07-15,Cabai Rawit,58750.0
2021-09-15,Cabai Rawit,35750.0
2021-10-15,Cabai Rawit,40100.0
2021-11-15,Cabai Rawit,37050.0
2021-12-15,Cabai Rawit,69500.0
2022-02-15,Cabai Rawit,50150.0
2022-03-15,Cabai Rawit,59800.0
2022-04-15,Cabai Rawit,58150.0
2022-06-15,Cabai Rawit,77800.0
2022-07-15,Cabai Rawit,87150.0
2022-09-15,Cabai Rawit,59700.0
2022-10-14,Cabai Rawit,52000.0
2022-11-15,Cabai Rawit,43050.0
2022-12-15,Cabai Rawit,51900.0
2023-01-13,Cabai Rawit,57500.0
2023-02-15,Cabai Rawit,52800.0
2023-03-15,Cabai Rawit,61150.0
2023-04-14,Cabai Rawit,42650.0
2023-05-15,Cabai Rawit,40900.0
2023-06-15,Cabai Rawit,43400.0
2023-09-15,Cabai Rawit,40900.0
2023-10-13,Cabai Rawit,52350.0
2023-11-15,Cabai Rawit,71600.0
2023-12-15,Cabai Rawit,82300.0
2024-01-15,Cabai Rawit,55150.0
2024-02-15,Cabai Rawit,52350.0
2024-03-15,Cabai Rawit,64300.0
2024-04-15,Cabai Rawit,52600.0
2024-05-15,Cabai Rawit,51300.0
2024-06-14,Cabai Rawit,56450.0
2024-07-15,Cabai Rawit,58850.0
2024-09-13,Cabai Rawit,50600.0
2024-10-15,Cabai Rawit,48200.0
2024-11-15,Cabai Rawit,43900.0
2024-12-13,Cabai Rawit,43200.0
2025-01-15,Cabai Rawit,74200.0
2025-02-14,Cabai Rawit,66850.0
2025-03-14,Cabai Rawit,74000.0
2025-04-15,Cabai Rawit,71800.0
2025-05-15,Cabai Rawit,53400.0
2025-06-13,Cabai Rawit,52550.0
2025-07-15,Cabai Rawit,66650.0
2025-09-15,Cabai Rawit,49250.0
2025-10-15,Cabai Rawit,43950.0
2025-11-14,Cabai Rawit,40600.0
2025-12-15,Cabai Rawit,73100.0
2026-01-15,Cabai Rawit,56450.0
2026-02-13,Cabai Rawit,65850.0
2026-03-13,Cabai Rawit,70700.0
2026-04-15,Cabai Rawit,64050.0
2026-05-15,Cabai Rawit,59450.0
2026-06-15,Cabai Rawit,66000.0
2026-07-15,Cabai Rawit,56300.0
2018-10-15,Daging Ayam,34700.0
2018-11-15,Daging Ayam,34000.0
2018-12-14,Daging Ayam,36150.0
2019-01-15,Daging Ayam,36150.0
2019-02-15,Daging Ayam,33450.0
2019-03-15,Daging Ayam,32400.0
2019-04-15,Daging Ayam,33100.0
2019-05-15,Daging Ayam,34850.0
2019-07-15,Daging Ayam,36550.0
2019-09-13,Daging Ayam,31450.0
2019-10-15,Daging Ayam,33550.0
2019-11-15,Daging Ayam,34650.0
2019-12-13,Daging Ayam,34250.0
2020-01-15,Daging Ayam,33200.0
2020-03-13,Daging Ayam,32650.0
2020-04-15,Daging Ayam,29200.0
2020-05-15,Daging Ayam,32700.0
2020-06-15,Daging Ayam,38600.0
2020-07-15,Daging Ayam,35700.0
2020-09-15,Daging Ayam,31250.0
2020-10-15,Daging Ayam,32100.0
2020-12-15,Daging Ayam,35550.0
2021-01-15,Daging Ayam,35400.0
2021-02-15,Daging Ayam,34700.0
2021-03-15,Daging Ayam,34900.0
2021-04-15,Daging Ayam,37800.0
2021-06-15,Daging Ayam,37700.0
2021-07-15,Daging Ayam,33400.0
2021-09-15,Daging Ayam,34800.0
2021-10-15,Daging Ayam,36050.0
2021-11-15,Daging Ayam,35350.0
2021-12-15,Daging Ayam,35700.0
2022-02-15,Daging Ayam,35550.0
2022-03-15,Daging Ayam,36650.0
2022-04-15,Daging Ayam,38750.0
2022-06-15,Daging Ayam,38550.0
2022-07-15,Daging Ayam,37250.0
2022-09-15,Daging Ayam,35050.0
2022-10-14,Daging Ayam,34000.0
2022-11-15,Daging Ayam,34700.0
2022-12-15,Daging Ayam,35950.0
2023-01-13,Daging Ayam,36050.0
2023-02-15,Daging Ayam,34450.0
2023-03-15,Daging Ayam,34600.0
2023-04-14,Daging Ayam,34350.0
2023-05-15,Daging Ayam,37250.0
2023-06-15,Daging Ayam,39600.0
2023-09-15,Daging Ayam,35650.0
2023-10-13,Daging Ayam,36500.0
2023-11-15,Daging Ayam,35600.0
2023-12-15,Daging Ayam,35700.0
2024-01-15,Daging Ayam,37000.0
2024-02-15,Daging Ayam,37750.0
2024-03-15,Daging Ayam,39300.0
2024-04-15,Daging Ayam,38850.0
2024-05-15,Daging Ayam,39000.0
2024-06-14,Daging Ayam,37700.0
2024-07-15,Daging Ayam,36000.0
2024-09-13,Daging Ayam,35100.0
2024-10-15,Daging Ayam,36250.0
2024-11-15,Daging Ayam,37300.0
2024-12-13,Daging Ayam,37600.0
2025-01-15,Daging Ayam,38850.0
2025-02-14,Daging Ayam,36000.0
2025-03-14,Daging Ayam,36200.0
2025-04-15,Daging Ayam,35800.0
2025-05-15,Daging Ayam,36050.0
2025-06-13,Daging Ayam,35400.0
2025-07-15,Daging Ayam,36400.0
2025-09-15,Daging Ayam,39050.0
2025-10-15,Daging Ayam,38600.0
2025-11-14,Daging Ayam,37800.0
2025-12-15,Daging Ayam,41450.0
2026-01-15,Daging Ayam,40750.0
2026-02-13,Daging Ayam,41450.0
2026-03-13,Daging Ayam,41850.0
2026-04-15,Daging Ayam,40850.0
2026-05-15,Daging Ayam,38650.0
2026-06-15,Daging Ayam,37050.0
2026-07-15,Daging Ayam,38350.0
2018-10-15,Daging Sapi,115400.0
2018-11-15,Daging Sapi,115750.0
2018-12-14,Daging Sapi,115650.0
2019-01-15,Daging Sapi,115400.0
2019-02-15,Daging Sapi,116350.0
2019-03-15,Daging Sapi,116400.0
2019-04-15,Daging Sapi,116300.0
2019-05-15,Daging Sapi,117600.0
2019-07-15,Daging Sapi,117550.0
2019-09-13,Daging Sapi,118100.0
2019-10-15,Daging Sapi,118200.0
2019-11-15,Daging Sapi,118250.0
2019-12-13,Daging Sapi,118050.0
2020-01-15,Daging Sapi,118150.0
2020-03-13,Daging Sapi,117700.0
2020-04-15,Daging Sapi,117750.0
2020-05-15,Daging Sapi,118300.0
2020-06-15,Daging Sapi,118250.0
2020-07-15,Daging Sapi,118200.0
2020-09-15,Daging Sapi,118050.0
2020-10-15,Daging Sapi,118200.0
2020-12-15,Daging Sapi,118700.0
2021-01-15,Daging Sapi,119550.0
2021-02-15,Daging Sapi,119650.0
2021-03-15,Daging Sapi,119350.0
2021-04-15,Daging Sapi,122450.0
2021-06-15,Daging Sapi,123500.0
2021-07-15,Daging Sapi,123950.0
2021-09-15,Daging Sapi,124100.0
2021-10-15,Daging Sapi,124200.0
2021-11-15,Daging Sapi,124400.0
2021-12-15,Daging Sapi,124200.0
2022-02-15,Daging Sapi,125100.0
2022-03-15,Daging Sapi,127400.0
2022-04-15,Daging Sapi,140000.0
2022-06-15,Daging Sapi,134000.0
2022-07-15,Daging Sapi,134700.0
2022-09-15,Daging Sapi,133900.0
2022-10-14,Daging Sapi,133700.0
2022-11-15,Daging Sapi,133600.0
2022-12-15,Daging Sapi,134150.0
2023-01-13,Daging Sapi,134100.0
2023-02-15,Daging Sapi,134100.0
2023-03-15,Daging Sapi,134150.0
2023-04-14,Daging Sapi,135350.0
2023-05-15,Daging Sapi,135350.0
2023-06-15,Daging Sapi,135050.0
2023-09-15,Daging Sapi,135200.0
2023-10-13,Daging Sapi,134850.0
2023-11-15,Daging Sapi,134500.0
2023-12-15,Daging Sapi,134650.0
2024-01-15,Daging Sapi,134450.0
2024-02-15,Daging Sapi,134550.0
2024-03-15,Daging Sapi,135750.0
2024-04-15,Daging Sapi,137400.0
2024-05-15,Daging Sapi,135650.0
2024-06-14,Daging Sapi,135100.0
2024-07-15,Daging Sapi,135300.0
2024-09-13,Daging Sapi,135300.0
2024-10-15,Daging Sapi,136350.0
2024-11-15,Daging Sapi,135000.0
2024-12-13,Daging Sapi,135050.0
2025-01-15,Daging Sapi,135400.0
2025-02-14,Daging Sapi,135250.0
2025-03-14,Daging Sapi,135450.0
2025-04-15,Daging Sapi,136900.0
2025-05-15,Daging Sapi,136650.0
2025-06-13,Daging Sapi,136650.0
2025-07-15,Daging Sapi,136900.0
2025-09-15,Daging Sapi,137250.0
2025-10-15,Daging Sapi,137350.0
2025-11-14,Daging Sapi,137500.0
2025-12-15,Daging Sapi,137950.0
2026-01-15,Daging Sapi,139100.0
2026-02-13,Daging Sapi,140800.0
2026-03-13,Daging Sapi,142900.0
2026-04-15,Daging Sapi,144500.0
2026-05-15,Daging Sapi,144100.0
2026-06-15,Daging Sapi,145400.0
2026-07-15,Daging Sapi,147350.0
2018-10-15,Gula Pasir,13450.0
2018-11-15,Gula Pasir,13350.0
2018-12-14,Gula Pasir,13250.0
2019-01-15,Gula Pasir,13100.0
2019-02-15,Gula Pasir,13050.0
2019-03-15,Gula Pasir,13250.0
2019-04-15,Gula Pasir,13250.0
2019-05-15,Gula Pasir,13800.0
2019-07-15,Gula Pasir,13850.0
2019-09-13,Gula Pasir,13700.0
2019-10-15,Gula Pasir,13750.0
2019-11-15,Gula Pasir,13800.0
2019-12-13,Gula Pasir,13850.0
2020-01-15,Gula Pasir,14350.0
2020-03-13,Gula Pasir,16550.0
2020-04-15,Gula Pasir,18350.0
2020-05-15,Gula Pasir,17550.0
2020-06-15,Gula Pasir,16350.0
2020-07-15,Gula Pasir,15050.0
2020-09-15,Gula Pasir,14500.0
2020-10-15,Gula Pasir,14350.0
2020-12-15,Gula Pasir,14350.0
2021-01-15,Gula Pasir,14450.0
2021-02-15,Gula Pasir,14350.0
2021-03-15,Gula Pasir,14300.0
2021-04-15,Gula Pasir,14250.0
2021-06-15,Gula Pasir,14200.0
2021-07-15,Gula Pasir,14150.0
2021-09-15,Gula Pasir,14050.0
2021-10-15,Gula Pasir,14000.0
2021-11-15,Gula Pasir,14050.0
2021-12-15,Gula Pasir,14100.0
2022-02-15,Gula Pasir,14800.0
2022-03-15,Gula Pasir,14800.0
2022-04-15,Gula Pasir,14750.0
2022-06-15,Gula Pasir,15350.0
2022-07-15,Gula Pasir,15200.0
2022-09-15,Gula Pasir,15100.0
2022-10-14,Gula Pasir,15050.0
2022-11-15,Gula Pasir,15100.0
2022-12-15,Gula Pasir,15050.0
2023-01-13,Gula Pasir,15050.0
2023-02-15,Gula Pasir,15100.0
2023-03-15,Gula Pasir,15100.0
2023-04-14,Gula Pasir,15150.0
2023-05-15,Gula Pasir,15200.0
2023-06-15,Gula Pasir,15300.0
2023-09-15,Gula Pasir,15600.0
2023-10-13,Gula Pasir,16050.0
2023-11-15,Gula Pasir,16950.0
2023-12-15,Gula Pasir,17700.0
2024-01-15,Gula Pasir,17750.0
2024-02-15,Gula Pasir,17850.0
2024-03-15,Gula Pasir,18200.0
2024-04-15,Gula Pasir,18300.0
2024-05-15,Gula Pasir,18900.0
2024-06-14,Gula Pasir,18650.0
2024-07-15,Gula Pasir,18500.0
2024-09-13,Gula Pasir,18450.0
2024-10-15,Gula Pasir,18600.0
2024-11-15,Gula Pasir,18550.0
2024-12-13,Gula Pasir,18550.0
2025-01-15,Gula Pasir,18850.0
2025-02-14,Gula Pasir,19050.0
2025-03-14,Gula Pasir,19150.0
2025-04-15,Gula Pasir,19300.0
2025-05-15,Gula Pasir,19250.0
2025-06-13,Gula Pasir,19200.0
2025-07-15,Gula Pasir,19050.0
2025-09-15,Gula Pasir,18850.0
2025-10-15,Gula Pasir,18800.0
2025-11-14,Gula Pasir,18800.0
2025-12-15,Gula Pasir,18850.0
2026-01-15,Gula Pasir,18900.0
2026-02-13,Gula Pasir,19050.0
2026-03-13,Gula Pasir,19200.0
2026-04-15,Gula Pasir,19600.0
2026-05-15,Gula Pasir,19600.0
2026-06-15,Gula Pasir,19550.0
2026-07-15,Gula Pasir,19650.0
2018-10-15,Minyak Goreng,13400.0
2018-11-15,Minyak Goreng,13300.0
2018-12-14,Minyak Goreng,13200.0
2019-01-15,Minyak Goreng,13150.0
2019-02-15,Minyak Goreng,13150.0
2019-03-15,Minyak Goreng,13150.0
2019-04-15,Minyak Goreng,13150.0
2019-05-15,Minyak Goreng,13150.0
2019-07-15,Minyak Goreng,13100.0
2019-09-13,Minyak Goreng,13150.0
2019-10-15,Minyak Goreng,13150.0
2019-11-15,Minyak Goreng,13150.0
2019-12-13,Minyak Goreng,13350.0
2020-01-15,Minyak Goreng,13750.0
2020-03-13,Minyak Goreng,13750.0
2020-04-15,Minyak Goreng,13800.0
2020-05-15,Minyak Goreng,13700.0
2020-06-15,Minyak Goreng,13650.0
2020-07-15,Minyak Goreng,13550.0
2020-09-15,Minyak Goreng,14000.0
2020-10-15,Minyak Goreng,14150.0
2020-12-15,Minyak Goreng,14400.0
2021-01-15,Minyak Goreng,14500.0
2021-02-15,Minyak Goreng,14500.0
2021-03-15,Minyak Goreng,14600.0
2021-04-15,Minyak Goreng,14800.0
2021-06-15,Minyak Goreng,15300.0
2021-07-15,Minyak Goreng,15350.0
2021-09-15,Minyak Goreng,16050.0
2021-10-15,Minyak Goreng,16650.0
2021-11-15,Minyak Goreng,18250.0
2021-12-15,Minyak Goreng,19400.0
2022-02-15,Minyak Goreng,18700.0
2022-03-15,Minyak Goreng,19250.0
2022-04-15,Minyak Goreng,24250.0
2022-06-15,Minyak Goreng,23600.0
2022-07-15,Minyak Goreng,22250.0
2022-09-15,Minyak Goreng,19750.0
2022-10-14,Minyak Goreng,19200.0
2022-11-15,Minyak Goreng,19150.0
2022-12-15,Minyak Goreng,19100.0
2023-01-13,Minyak Goreng,19300.0
2023-02-15,Minyak Goreng,19400.0
2023-03-15,Minyak Goreng,19500.0
2023-04-14,Minyak Goreng,19450.0
2023-05-15,Minyak Goreng,19450.0
2023-06-15,Minyak Goreng,19350.0
2023-09-15,Minyak Goreng,18950.0
2023-10-13,Minyak Goreng,18850.0
2023-11-15,Minyak Goreng,18800.0
2023-12-15,Minyak Goreng,18750.0
2024-01-15,Minyak Goreng,18700.0
2024-02-15,Minyak Goreng,18850.0
2024-03-15,Minyak Goreng,19050.0
2024-04-15,Minyak Goreng,19100.0
2024-05-15,Minyak Goreng,19100.0
2024-06-14,Minyak Goreng,19150.0
2024-07-15,Minyak Goreng,19150.0
2024-09-13,Minyak Goreng,19350.0
2024-10-15,Minyak Goreng,19650.0
2024-11-15,Minyak Goreng,20000.0
2024-12-13,Minyak Goreng,20300.0
2025-01-15,Minyak Goreng,20550.0
2025-02-14,Minyak Goreng,20700.0
2025-03-14,Minyak Goreng,20800.0
2025-04-15,Minyak Goreng,21000.0
2025-05-15,Minyak Goreng,21000.0
2025-06-13,Minyak Goreng,20950.0
2025-07-15,Minyak Goreng,20950.0
2025-09-15,Minyak Goreng,21050.0
2025-10-15,Minyak Goreng,21000.0
2025-11-14,Minyak Goreng,21000.0
2025-12-15,Minyak Goreng,21100.0
2026-01-15,Minyak Goreng,21150.0
2026-02-13,Minyak Goreng,21250.0
2026-03-13,Minyak Goreng,21500.0
2026-04-15,Minyak Goreng,22200.0
2026-05-15,Minyak Goreng,22700.0
2026-06-15,Minyak Goreng,22900.0
2026-07-15,Minyak Goreng,22950.0
2018-10-15,Telur Ayam,23400.0
2018-11-15,Telur Ayam,23650.0
2018-12-14,Telur Ayam,26150.0
2019-01-15,Telur Ayam,26150.0
2019-02-15,Telur Ayam,24550.0
2019-03-15,Telur Ayam,23800.0
2019-04-15,Telur Ayam,24150.0
2019-05-15,Telur Ayam,26050.0
2019-07-15,Telur Ayam,24750.0
2019-09-13,Telur Ayam,24300.0
2019-10-15,Telur Ayam,23350.0
2019-11-15,Telur Ayam,23850.0
2019-12-13,Telur Ayam,25700.0
2020-01-15,Telur Ayam,25700.0
2020-03-13,Telur Ayam,25800.0
2020-04-15,Telur Ayam,25850.0
2020-05-15,Telur Ayam,23950.0
2020-06-15,Telur Ayam,25200.0
2020-07-15,Telur Ayam,26400.0
2020-09-15,Telur Ayam,24850.0
2020-10-15,Telur Ayam,24500.0
2020-12-15,Telur Ayam,28250.0
2021-01-15,Telur Ayam,27100.0
2021-02-15,Telur Ayam,25950.0
2021-03-15,Telur Ayam,25450.0
2021-04-15,Telur Ayam,26150.0
2021-06-15,Telur Ayam,26450.0
2021-07-15,Telur Ayam,25350.0
2021-09-15,Telur Ayam,23700.0
2021-10-15,Telur Ayam,23150.0
2021-11-15,Telur Ayam,25200.0
2021-12-15,Telur Ayam,25950.0
2022-02-15,Telur Ayam,24150.0
2022-03-15,Telur Ayam,25150.0
2022-04-15,Telur Ayam,26750.0
2022-06-15,Telur Ayam,29350.0
2022-07-15,Telur Ayam,29400.0
2022-09-15,Telur Ayam,30400.0
2022-10-14,Telur Ayam,28250.0
2022-11-15,Telur Ayam,28800.0
2022-12-15,Telur Ayam,31250.0
2023-01-13,Telur Ayam,30450.0
2023-02-15,Telur Ayam,29250.0
2023-03-15,Telur Ayam,29250.0
2023-04-14,Telur Ayam,29800.0
2023-05-15,Telur Ayam,31150.0
2023-06-15,Telur Ayam,31700.0
2023-09-15,Telur Ayam,30000.0
2023-10-13,Telur Ayam,29050.0
2023-11-15,Telur Ayam,28850.0
2023-12-15,Telur Ayam,29250.0
2024-01-15,Telur Ayam,28750.0
2024-02-15,Telur Ayam,29400.0
2024-03-15,Telur Ayam,32550.0
2024-04-15,Telur Ayam,31850.0
2024-05-15,Telur Ayam,31500.0
2024-06-14,Telur Ayam,30750.0
2024-07-15,Telur Ayam,30250.0
2024-09-13,Telur Ayam,29300.0
2024-10-15,Telur Ayam,29700.0
2024-11-15,Telur Ayam,29250.0
2024-12-13,Telur Ayam,30300.0
2025-01-15,Telur Ayam,30850.0
2025-02-14,Telur Ayam,29800.0
2025-03-14,Telur Ayam,30350.0
2025-04-15,Telur Ayam,29750.0
2025-05-15,Telur Ayam,29950.0
2025-06-13,Telur Ayam,29900.0
2025-07-15,Telur Ayam,30300.0
2025-09-15,Telur Ayam,30650.0
2025-10-15,Telur Ayam,31500.0
2025-11-14,Telur Ayam,31450.0
2025-12-15,Telur Ayam,32800.0
2026-01-15,Telur Ayam,32050.0
2026-02-13,Telur Ayam,32050.0
2026-03-13,Telur Ayam,32950.0
2026-04-15,Telur Ayam,32400.0
2026-05-15,Telur Ayam,30900.0
2026-06-15,Telur Ayam,30050.0
2026-07-15,Telur Ayam,29000.0
