tanggal,pm2_5,pm2_5_maks,pm10,us_aqi,jam_terisi,hujan_mm
2022-08-01,,,,,0,0.0
2022-08-02,,,,,0,1.3
2022-08-03,,,,,0,13.6
2022-08-04,,,,,17,12.1
2022-08-05,56.012499999999996,89.9,81.74166666666666,166.0,24,1.5
2022-08-06,74.83749999999999,106.9,109.20833333333333,273.0,24,0.6
2022-08-07,94.80416666666667,125.7,138.18333333333334,243.0,24,1.2
2022-08-08,77.20416666666667,120.6,111.41250000000001,179.0,24,0.0
2022-08-09,49.3125,79.4,72.55833333333334,216.0,24,0.8
2022-08-10,53.262499999999996,103.6,77.69166666666666,205.0,24,4.5
2022-08-11,45.40416666666667,87.3,66.37083333333334,204.0,24,3.4
2022-08-12,48.35,80.3,70.82916666666667,190.0,24,5.8
2022-08-13,59.31666666666666,83.8,86.3,249.0,24,2.3
2022-08-14,47.74166666666667,101.7,69.6125,206.0,24,11.6
2022-08-15,47.44583333333333,63.1,68.9875,137.0,24,15.1
2022-08-16,57.583333333333336,110.4,82.87916666666668,239.0,24,13.3
2022-08-17,48.55833333333334,82.4,70.84583333333333,159.0,24,4.0
2022-08-18,37.766666666666666,63.8,56.2875,160.0,24,0.0
2022-08-19,37.483333333333334,64.5,55.512499999999996,147.0,24,0.0
2022-08-20,43.68333333333334,65.0,64.9375,119.0,24,0.3
2022-08-21,64.60000000000001,83.4,97.3,220.0,24,10.6
2022-08-22,50.51666666666667,72.2,75.6125,213.0,24,2.5
2022-08-23,50.5,94.1,77.22083333333333,191.0,24,1.4
2022-08-24,50.387499999999996,83.4,76.625,192.0,24,1.1
2022-08-25,46.63333333333333,79.2,71.325,195.0,24,6.3
2022-08-26,54.74583333333334,87.3,81.47916666666667,181.0,24,0.8
2022-08-27,45.99583333333334,84.3,68.17083333333333,182.0,24,4.5
2022-08-28,49.34166666666667,92.7,72.4875,226.0,24,7.7
2022-08-29,53.791666666666664,98.7,78.69166666666666,207.0,24,0.8
2022-08-30,72.13333333333334,103.4,108.15833333333335,238.0,24,0.0
2022-08-31,58.699999999999996,110.1,88.7625,165.0,24,0.9
2022-09-01,40.62916666666667,72.4,62.36666666666667,152.0,24,12.4
2022-09-02,42.90416666666667,65.4,64.10833333333333,170.0,24,10.5
2022-09-03,45.7875,75.0,66.80416666666666,215.0,24,1.9
2022-09-04,48.86666666666667,99.7,70.89999999999999,243.0,24,0.1
2022-09-05,64.02499999999999,107.6,94.0,191.0,24,5.0
2022-09-06,23.445833333333336,28.8,36.9125,156.0,24,6.1
2022-09-07,42.666666666666664,67.8,63.36666666666667,187.0,24,4.9
2022-09-08,34.9,49.7,50.625,128.0,24,20.2
2022-09-09,43.5,67.1,62.85,175.0,24,14.1
2022-09-10,47.40833333333333,68.0,67.99583333333334,128.0,24,2.4
2022-09-11,44.675000000000004,61.7,64.325,189.0,24,10.1
2022-09-12,37.27916666666667,72.6,54.49583333333334,123.0,24,2.9
2022-09-13,72.54166666666667,110.6,105.17083333333333,244.0,24,0.8
2022-09-14,88.41250000000001,112.2,127.7,252.0,24,0.1
2022-09-15,73.78750000000001,108.3,106.46249999999999,203.0,24,1.2
2022-09-16,78.94583333333334,116.2,114.02916666666665,241.0,24,2.3
2022-09-17,58.2125,79.6,84.45,204.0,24,6.6
2022-09-18,71.30416666666666,92.9,104.63333333333333,251.0,24,0.5
2022-09-19,81.97500000000001,142.0,121.89583333333333,232.0,24,8.7
2022-09-20,65.31666666666666,79.4,97.57916666666667,214.0,24,0.0
2022-09-21,61.06666666666666,113.4,90.17916666666667,168.0,24,5.0
2022-09-22,65.07916666666667,86.6,94.95416666666667,208.0,24,7.5
2022-09-23,49.69583333333333,89.4,71.67083333333333,180.0,24,17.2
2022-09-24,54.875,84.5,79.08333333333333,258.0,24,3.7
2022-09-25,57.4,77.8,84.15833333333333,237.0,24,3.6
2022-09-26,97.02499999999999,120.1,142.45416666666668,299.0,24,3.5
2022-09-27,70.44583333333334,100.4,103.83333333333333,251.0,24,1.1
2022-09-28,81.80833333333332,115.3,121.02083333333333,245.0,24,1.6
2022-09-29,54.44166666666666,95.2,81.57083333333334,184.0,24,1.2
2022-09-30,36.291666666666664,61.7,54.65,147.0,24,2.4
2022-10-01,29.729166666666668,52.7,44.925000000000004,130.0,24,19.2
2022-10-02,17.570833333333333,25.3,26.47083333333333,89.0,24,23.4
2022-10-03,35.72083333333333,50.1,51.7875,98.0,24,9.5
2022-10-04,50.737500000000004,67.5,73.37916666666666,235.0,24,12.3
2022-10-05,36.079166666666666,52.4,52.31666666666666,138.0,24,8.0
2022-10-06,45.175000000000004,76.4,65.65833333333333,186.0,24,23.4
2022-10-07,25.145833333333332,45.6,36.170833333333334,124.0,24,21.8
2022-10-08,54.43333333333334,105.2,78.41250000000001,182.0,24,0.5
2022-10-09,61.666666666666664,103.4,89.00416666666666,160.0,24,8.5
2022-10-10,38.983333333333334,58.4,55.99583333333334,154.0,24,3.8
2022-10-11,64.87083333333334,89.6,93.27499999999999,167.0,24,6.0
2022-10-12,68.7375,116.9,98.87916666666666,219.0,24,2.8
2022-10-13,61.61666666666667,73.8,88.83749999999999,248.0,24,6.8
2022-10-14,44.708333333333336,63.6,64.60416666666667,166.0,24,4.0
2022-10-15,39.020833333333336,57.4,56.708333333333336,123.0,24,4.9
2022-10-16,58.3125,86.6,84.67083333333333,172.0,24,2.6
2022-10-17,80.23333333333333,107.1,116.54583333333333,249.0,24,3.5
2022-10-18,63.6875,107.6,92.96666666666665,212.0,24,4.1
2022-10-19,43.041666666666664,57.6,62.10833333333333,203.0,24,27.4
2022-10-20,46.416666666666664,71.7,66.84166666666667,129.0,24,10.2
2022-10-21,60.229166666666664,79.4,86.75833333333333,224.0,24,4.0
2022-10-22,68.75833333333334,87.1,98.74583333333334,259.0,24,19.7
2022-10-23,29.316666666666666,51.1,42.09583333333333,160.0,24,3.2
2022-10-24,18.079166666666666,24.2,26.008333333333336,88.0,24,1.4
2022-10-25,19.845833333333335,42.3,28.520833333333332,70.0,24,28.7
2022-10-26,25.1375,46.4,36.362500000000004,78.0,24,14.8
2022-10-27,39.625,71.7,58.5375,171.0,24,0.7
2022-10-28,27.166666666666668,39.7,40.30416666666667,110.0,24,1.0
2022-10-29,62.291666666666664,86.8,91.25,253.0,24,3.8
2022-10-30,73.71666666666667,83.4,109.96666666666665,271.0,24,1.8
2022-10-31,45.199999999999996,57.2,70.3125,163.0,24,5.1
2022-11-01,61.449999999999996,89.2,92.4375,218.0,24,2.3
2022-11-02,51.54583333333333,85.9,76.925,157.0,24,1.3
2022-11-03,43.30833333333334,76.1,63.44166666666666,140.0,24,0.8
2022-11-04,63.49583333333334,91.3,92.30833333333334,240.0,24,4.0
2022-11-05,56.9625,81.0,82.55,250.0,24,7.8
2022-11-06,63.199999999999996,83.6,91.02499999999999,201.0,24,7.5
2022-11-07,30.72083333333333,61.0,44.42916666666667,156.0,24,17.4
2022-11-08,44.69166666666666,69.4,64.67916666666666,133.0,24,20.3
2022-11-09,42.63333333333333,71.5,61.26666666666666,123.0,24,15.5
2022-11-10,27.71666666666667,50.6,39.891666666666666,118.0,24,5.9
2022-11-11,21.212500000000002,35.7,30.6375,85.0,24,1.0
2022-11-12,44.475,65.2,64.43333333333334,170.0,24,20.9
2022-11-13,67.57083333333334,99.9,97.14999999999999,158.0,24,6.8
2022-11-14,89.78750000000001,121.1,129.10416666666666,272.0,24,1.0
2022-11-15,56.39166666666667,81.0,81.59166666666667,174.0,24,5.5
2022-11-16,26.974999999999998,33.5,39.65416666666667,151.0,24,14.3
2022-11-17,18.8875,28.8,27.441666666666666,84.0,24,16.6
2022-11-18,13.629166666666668,19.4,20.329166666666666,69.0,24,8.4
2022-11-19,18.0,29.3,27.208333333333332,68.0,24,2.8
2022-11-20,15.470833333333333,23.0,23.03333333333333,67.0,24,0.0
2022-11-21,20.479166666666668,30.6,30.425,73.0,24,1.8
2022-11-22,20.358333333333334,25.7,29.920833333333334,72.0,24,2.3
2022-11-23,24.037499999999998,40.4,35.579166666666666,81.0,24,4.9
2022-11-24,20.516666666666666,31.4,29.587500000000002,78.0,24,2.3
2022-11-25,50.112500000000004,73.1,73.51666666666667,184.0,24,4.3
2022-11-26,41.99166666666667,58.2,61.18333333333334,146.0,24,0.6
2022-11-27,76.625,105.5,111.26666666666667,206.0,24,15.0
2022-11-28,66.1125,83.8,95.7375,254.0,24,1.5
2022-11-29,72.67083333333333,94.5,105.03333333333335,271.0,24,3.9
2022-11-30,76.7625,92.0,111.40833333333335,171.0,24,3.3
2022-12-01,79.34583333333333,93.6,115.7,291.0,24,1.1
2022-12-02,53.69583333333333,81.0,78.875,167.0,24,8.9
2022-12-03,71.64166666666667,116.9,104.26666666666667,244.0,24,7.7
2022-12-04,81.00416666666666,119.0,118.25,283.0,24,17.5
2022-12-05,49.28333333333333,72.6,71.74583333333334,174.0,24,9.1
2022-12-06,54.975,91.0,80.71666666666667,211.0,24,3.5
2022-12-07,57.87916666666666,91.3,85.16666666666667,226.0,24,17.8
2022-12-08,41.35,62.9,59.375,152.0,24,6.5
2022-12-09,39.854166666666664,65.2,57.42083333333333,135.0,24,2.4
2022-12-10,30.616666666666664,49.1,45.199999999999996,127.0,24,0.7
2022-12-11,25.25,49.7,36.791666666666664,106.0,24,1.6
2022-12-12,20.98333333333333,32.8,30.554166666666664,81.0,24,10.9
2022-12-13,16.570833333333333,27.6,23.962500000000002,73.0,24,0.4
2022-12-14,0.7291666666666666,0.9,1.0291666666666666,64.0,24,1.1
2022-12-15,0.625,0.9,0.9041666666666667,15.0,24,5.6
2022-12-16,25.320833333333336,42.7,38.40833333333333,115.0,24,3.5
2022-12-17,45.25833333333333,80.1,66.90416666666667,120.0,24,1.8
2022-12-18,76.9375,100.4,112.32916666666667,170.0,24,9.2
2022-12-19,54.67916666666667,70.5,81.96249999999999,201.0,24,0.5
2022-12-20,43.12916666666666,76.1,65.53333333333333,151.0,24,9.3
2022-12-21,24.245833333333334,35.7,35.5875,119.0,24,7.4
2022-12-22,17.1,21.6,25.708333333333332,79.0,24,8.1
2022-12-23,24.212500000000002,65.0,35.875,74.0,24,4.3
2022-12-24,37.387499999999996,70.3,54.62916666666666,115.0,24,6.0
2022-12-25,21.837500000000002,37.1,32.65,105.0,24,5.2
2022-12-26,15.720833333333333,31.9,23.333333333333332,77.0,24,17.4
2022-12-27,19.400000000000002,33.8,29.608333333333334,68.0,24,3.5
2022-12-28,17.495833333333334,31.5,26.3625,79.0,24,4.1
2022-12-29,13.5,28.1,20.05,66.0,24,10.5
2022-12-30,14.654166666666667,21.9,21.849999999999998,61.0,24,18.1
2022-12-31,15.125,21.9,22.599999999999998,65.0,24,29.0
2023-01-01,15.383333333333333,24.7,22.962500000000002,62.0,24,24.5
2023-01-02,11.820833333333333,18.5,17.650000000000002,63.0,24,4.9
2023-01-03,11.704166666666666,19.6,17.270833333333332,55.0,24,15.1
2023-01-04,23.037499999999998,35.7,33.78333333333334,75.0,24,7.6
2023-01-05,26.162499999999998,36.0,38.3125,88.0,24,1.0
2023-01-06,19.849999999999998,30.9,30.474999999999998,82.0,24,0.1
2023-01-07,16.445833333333333,27.2,24.516666666666666,70.0,24,0.6
2023-01-08,15.570833333333333,24.4,23.179166666666664,64.0,24,1.5
2023-01-09,19.604166666666668,33.6,29.266666666666666,68.0,24,3.9
2023-01-10,27.741666666666664,46.6,40.6875,84.0,24,3.4
2023-01-11,48.80416666666667,62.6,72.33749999999999,199.0,24,2.6
2023-01-12,71.92083333333333,113.6,106.23333333333333,297.0,24,1.2
2023-01-13,76.20416666666667,117.8,115.5,222.0,24,2.3
2023-01-14,49.104166666666664,96.2,74.07916666666667,229.0,24,6.2
2023-01-15,46.21666666666667,98.0,70.6875,157.0,24,2.7
2023-01-16,20.158333333333335,26.0,31.145833333333332,127.0,24,2.0
2023-01-17,16.25,22.9,24.541666666666668,71.0,24,13.5
2023-01-18,21.775000000000002,28.8,31.875,74.0,24,6.1
2023-01-19,21.620833333333334,31.9,31.583333333333332,76.0,24,8.6
2023-01-20,21.708333333333332,33.4,31.258333333333336,78.0,24,7.2
2023-01-21,22.954166666666666,30.6,33.62083333333333,76.0,24,1.6
2023-01-22,17.270833333333332,21.8,25.2625,77.0,24,0.2
2023-01-23,11.491666666666667,14.9,16.954166666666666,66.0,24,3.5
2023-01-24,9.200000000000001,13.1,13.716666666666667,55.0,24,1.0
2023-01-25,13.508333333333333,32.2,19.833333333333332,57.0,24,13.0
2023-01-26,28.266666666666666,52.3,41.27916666666667,85.0,24,2.7
2023-01-27,26.037499999999998,45.2,38.637499999999996,93.0,24,9.3
2023-01-28,28.224999999999998,45.1,41.68333333333333,84.0,24,29.6
2023-01-29,30.483333333333334,52.9,44.833333333333336,95.0,24,27.5
2023-01-30,27.59166666666667,53.4,41.35,94.0,24,3.5
2023-01-31,21.59166666666667,38.4,31.666666666666668,85.0,24,3.4
2023-02-01,23.133333333333336,44.7,34.137499999999996,75.0,24,3.8
2023-02-02,29.454166666666666,60.8,43.449999999999996,98.0,24,18.8
2023-02-03,35.13333333333333,55.1,51.675000000000004,97.0,24,1.3
2023-02-04,43.85,71.9,66.325,122.0,24,1.4
2023-02-05,30.895833333333332,63.6,46.5875,123.0,24,3.6
2023-02-06,24.974999999999998,43.8,38.28333333333333,91.0,24,0.0
2023-02-07,31.083333333333332,50.8,47.354166666666664,98.0,24,3.9
2023-02-08,34.44166666666667,66.1,51.10833333333333,116.0,24,0.9
2023-02-09,20.412499999999998,29.7,31.354166666666668,98.0,24,1.2
2023-02-10,17.979166666666668,30.2,28.041666666666668,72.0,24,15.9
2023-02-11,20.383333333333333,37.0,30.462500000000002,71.0,24,23.7
2023-02-12,19.370833333333334,29.7,28.625,81.0,24,36.6
2023-02-13,18.658333333333335,31.9,28.4375,73.0,24,4.7
2023-02-14,17.708333333333332,27.4,26.787499999999998,68.0,24,6.4
2023-02-15,12.783333333333333,18.5,19.3,66.0,24,13.2
2023-02-16,17.979166666666668,32.5,26.9875,67.0,24,4.9
2023-02-17,27.145833333333332,63.6,40.854166666666664,80.0,24,4.7
2023-02-18,42.18333333333333,67.8,63.19166666666666,125.0,24,3.0
2023-02-19,34.329166666666666,46.8,50.63333333333333,117.0,24,24.6
2023-02-20,19.4875,39.0,28.370833333333334,98.0,24,8.1
2023-02-21,15.416666666666666,27.6,22.883333333333336,70.0,24,7.2
2023-02-22,16.675,22.4,25.28333333333333,69.0,24,24.7
2023-02-23,17.904166666666665,24.3,27.241666666666664,68.0,24,33.2
2023-02-24,21.220833333333335,41.7,31.962500000000002,73.0,24,23.4
2023-02-25,21.195833333333333,27.9,31.641666666666666,78.0,24,20.6
2023-02-26,23.766666666666666,30.9,35.949999999999996,77.0,24,30.4
2023-02-27,23.191666666666666,34.3,35.012499999999996,82.0,24,13.7
2023-02-28,19.345833333333335,35.2,28.4375,77.0,24,13.8
2023-03-01,14.058333333333332,23.6,20.7125,70.0,24,11.5
2023-03-02,17.554166666666667,26.7,26.2,65.0,24,23.7
2023-03-03,21.520833333333332,31.5,32.854166666666664,76.0,24,4.4
2023-03-04,18.454166666666666,26.1,27.90416666666667,74.0,24,11.6
2023-03-05,15.233333333333334,21.9,22.675,68.0,24,2.4
2023-03-06,18.570833333333333,25.0,27.633333333333336,68.0,24,1.9
2023-03-07,23.458333333333332,35.0,35.27916666666667,77.0,24,13.1
2023-03-08,23.379166666666666,41.4,34.30416666666667,78.0,24,3.8
2023-03-09,40.28333333333333,70.5,58.2875,108.0,24,7.9
2023-03-10,57.97083333333333,106.9,84.23333333333333,155.0,24,3.3
2023-03-11,59.69583333333333,102.7,86.7,165.0,24,0.4
2023-03-12,43.42916666666667,71.7,63.645833333333336,153.0,24,1.1
2023-03-13,46.73333333333333,86.4,68.25833333333334,142.0,24,5.4
2023-03-14,24.77916666666667,32.8,36.891666666666666,128.0,24,34.8
2023-03-15,34.416666666666664,65.0,49.94166666666666,95.0,24,11.7
2023-03-16,56.4125,119.7,83.22500000000001,152.0,24,0.2
2023-03-17,53.137499999999996,114.3,79.21666666666667,158.0,24,4.0
2023-03-18,52.949999999999996,96.2,78.54583333333333,192.0,24,4.9
2023-03-19,47.262499999999996,87.8,68.96666666666667,148.0,24,5.0
2023-03-20,57.42916666666667,91.0,83.58749999999999,263.0,24,0.8
2023-03-21,48.67916666666667,82.9,71.375,157.0,24,0.4
2023-03-22,54.40416666666667,73.8,79.94166666666666,245.0,24,3.9
2023-03-23,41.487500000000004,60.3,61.5625,172.0,24,0.1
2023-03-24,46.8375,84.1,69.49583333333334,207.0,24,1.8
2023-03-25,27.27916666666667,41.7,39.47083333333333,128.0,24,18.6
2023-03-26,24.445833333333336,32.5,35.583333333333336,84.0,24,12.4
2023-03-27,26.2,36.1,38.395833333333336,82.0,24,7.6
2023-03-28,36.3375,52.3,52.708333333333336,101.0,24,7.2
2023-03-29,35.40833333333333,49.6,51.612500000000004,103.0,24,16.7
2023-03-30,41.37083333333333,65.9,60.300000000000004,125.0,24,16.0
2023-03-31,22.34166666666667,38.8,33.18333333333333,115.0,24,0.9
2023-04-01,18.825,31.4,27.629166666666666,80.0,24,0.1
2023-04-02,29.204166666666666,56.7,43.26666666666667,85.0,24,2.2
2023-04-03,33.737500000000004,65.9,49.583333333333336,110.0,24,2.6
2023-04-04,26.516666666666666,31.3,40.18333333333333,97.0,24,1.6
2023-04-05,33.49583333333333,44.6,49.9,95.0,24,0.0
2023-04-06,29.65833333333333,46.7,43.375,105.0,24,0.0
2023-04-07,47.31666666666666,83.4,70.10000000000001,232.0,24,0.6
2023-04-08,61.550000000000004,103.1,91.65416666666665,209.0,24,8.3
2023-04-09,36.87083333333333,74.5,54.78333333333333,154.0,24,1.5
2023-04-10,12.016666666666666,21.6,17.804166666666667,103.0,24,0.4
2023-04-11,17.4875,27.5,25.995833333333334,66.0,24,1.9
2023-04-12,18.212500000000002,27.2,26.766666666666666,72.0,24,2.5
2023-04-13,20.420833333333334,34.3,30.020833333333332,70.0,24,1.1
2023-04-14,41.2875,67.1,61.0375,178.0,24,7.2
2023-04-15,40.87083333333333,51.2,60.47083333333333,169.0,24,4.3
2023-04-16,47.4125,54.7,71.33333333333333,221.0,24,23.3
2023-04-17,55.47083333333333,84.8,81.58749999999999,245.0,24,8.0
2023-04-18,62.37916666666666,91.0,91.10833333333333,220.0,24,10.5
2023-04-19,52.8375,60.8,77.0375,224.0,24,1.9
2023-04-20,53.37916666666666,65.4,78.45833333333333,245.0,24,6.0
2023-04-21,43.92083333333333,56.9,65.29166666666667,148.0,24,6.7
2023-04-22,38.62916666666667,47.3,56.916666666666664,156.0,24,10.8
2023-04-23,33.645833333333336,47.5,50.26666666666667,118.0,24,9.0
2023-04-24,38.28333333333333,49.9,57.0625,129.0,24,3.6
2023-04-25,37.61666666666667,52.0,55.73333333333333,116.0,24,1.3
2023-04-26,68.39583333333333,92.2,100.45833333333333,223.0,24,3.2
2023-04-27,65.93333333333334,108.5,96.25416666666666,209.0,24,8.1
2023-04-28,56.7125,76.8,83.87083333333334,226.0,24,2.7
2023-04-29,64.87083333333334,90.1,95.9375,215.0,24,2.1
2023-04-30,67.3,110.6,98.60000000000001,246.0,24,28.0
2023-05-01,45.63333333333333,90.3,66.12916666666666,158.0,24,4.1
2023-05-02,57.550000000000004,83.8,84.125,195.0,24,1.5
2023-05-03,59.104166666666664,106.4,85.91666666666667,200.0,24,5.8
2023-05-04,40.17916666666667,56.1,58.237500000000004,153.0,24,17.8
2023-05-05,49.833333333333336,56.2,71.5625,241.0,24,4.0
2023-05-06,48.1875,83.6,69.60000000000001,169.0,24,1.9
2023-05-07,67.52916666666667,99.0,97.85000000000001,223.0,24,19.1
2023-05-08,54.208333333333336,87.1,77.9375,159.0,24,9.7
2023-05-09,58.550000000000004,72.9,84.15416666666667,192.0,24,0.1
2023-05-10,56.03333333333333,91.7,83.72083333333333,155.0,24,2.0
2023-05-11,35.07083333333333,66.6,51.75833333333333,151.0,24,1.4
2023-05-12,29.454166666666666,50.3,44.0875,99.0,24,0.1
2023-05-13,43.449999999999996,60.8,63.90416666666667,156.0,24,8.9
2023-05-14,55.262499999999996,81.3,79.81666666666666,205.0,24,3.1
2023-05-15,84.67083333333333,108.5,123.77499999999999,271.0,24,0.0
2023-05-16,81.3875,129.5,119.35833333333333,184.0,24,0.5
2023-05-17,72.925,105.0,106.17083333333333,186.0,24,3.0
2023-05-18,82.7625,145.8,121.83749999999999,167.0,24,6.5
2023-05-19,98.55,142.0,144.61249999999998,219.0,24,0.3
2023-05-20,64.17083333333333,110.1,94.80833333333334,181.0,24,1.3
2023-05-21,76.55833333333334,117.6,111.82916666666667,164.0,24,9.2
2023-05-22,102.22083333333335,137.4,148.15833333333333,235.0,24,2.3
2023-05-23,128.50833333333333,180.7,185.48749999999998,238.0,24,1.5
2023-05-24,117.75833333333333,183.0,171.3125,220.0,24,0.9
2023-05-25,105.89999999999999,159.3,153.82083333333333,237.0,24,4.7
2023-05-26,98.17083333333333,173.7,142.45000000000002,200.0,24,1.3
2023-05-27,80.18333333333334,116.9,116.63333333333333,180.0,24,1.1
2023-05-28,71.1375,95.0,104.0,172.0,24,0.1
2023-05-29,95.50416666666666,124.3,140.19166666666666,230.0,24,3.0
2023-05-30,78.20416666666667,115.0,114.53750000000001,180.0,24,12.5
2023-05-31,78.81666666666666,112.9,115.76666666666667,231.0,24,1.8
2023-06-01,64.16666666666667,103.1,93.625,168.0,24,1.0
2023-06-02,68.9375,124.8,100.825,202.0,24,0.0
2023-06-03,66.84583333333333,85.9,98.50416666666666,207.0,24,1.2
2023-06-04,101.14999999999999,124.8,148.29999999999998,293.0,24,0.2
2023-06-05,105.34166666666665,150.4,153.30416666666667,297.0,24,2.0
2023-06-06,109.075,186.3,159.11666666666665,233.0,24,6.4
2023-06-07,48.5375,64.7,70.46666666666667,188.0,24,8.1
2023-06-08,50.07083333333333,86.4,73.05416666666666,142.0,24,0.7
2023-06-09,36.541666666666664,46.2,54.175000000000004,136.0,24,1.8
2023-06-10,57.75416666666666,110.4,84.04583333333333,162.0,24,1.2
2023-06-11,77.50416666666666,113.2,112.54166666666667,201.0,24,0.3
2023-06-12,72.99583333333334,123.9,106.04166666666667,177.0,24,1.0
2023-06-13,50.70416666666667,58.4,74.88333333333334,162.0,24,9.6
2023-06-14,57.550000000000004,67.1,84.64583333333333,151.0,24,28.2
2023-06-15,46.90416666666667,75.7,69.39166666666667,155.0,24,6.9
2023-06-16,30.52916666666667,47.0,45.112500000000004,129.0,24,11.7
2023-06-17,51.012499999999996,82.7,74.825,139.0,24,2.1
2023-06-18,40.137499999999996,57.6,60.229166666666664,149.0,24,4.4
2023-06-19,36.25,59.5,53.525,162.0,24,11.0
2023-06-20,43.62916666666666,59.8,63.225,203.0,24,6.1
2023-06-21,77.03750000000001,160.7,111.49166666666667,240.0,24,3.8
2023-06-22,75.30416666666666,160.7,109.075,190.0,24,2.2
2023-06-23,70.8125,105.5,103.37916666666666,245.0,24,2.2
2023-06-24,102.22083333333335,114.8,149.32083333333333,269.0,24,2.8
2023-06-25,92.69166666666666,118.3,134.85416666666666,278.0,24,5.4
2023-06-26,78.72500000000001,122.0,114.06666666666666,214.0,24,0.9
2023-06-27,89.00416666666666,118.0,128.60416666666666,221.0,24,8.8
2023-06-28,87.67916666666667,128.5,125.87083333333334,223.0,24,4.7
2023-06-29,87.375,120.1,125.84166666666665,241.0,24,1.6
2023-06-30,78.95416666666667,99.9,113.87916666666666,239.0,24,4.5
2023-07-01,76.71249999999999,121.5,110.6375,228.0,24,1.4
2023-07-02,98.5625,149.9,142.72083333333333,254.0,24,1.4
2023-07-03,100.60833333333333,136.9,145.26666666666668,218.0,24,1.9
2023-07-04,100.34583333333335,175.1,145.775,218.0,24,0.2
2023-07-05,94.46666666666665,179.7,137.03333333333333,241.0,24,2.2
2023-07-06,54.55833333333334,88.7,79.67916666666666,178.0,24,17.6
2023-07-07,55.074999999999996,83.6,79.625,182.0,24,2.6
2023-07-08,56.3375,85.2,81.35833333333333,156.0,24,19.4
2023-07-09,46.82916666666667,82.7,68.34583333333333,151.0,24,0.6
2023-07-10,44.47083333333333,106.2,67.66666666666667,128.0,24,2.7
2023-07-11,59.71666666666667,108.0,89.07083333333333,156.0,24,3.0
2023-07-12,63.87083333333334,123.9,92.97916666666667,216.0,24,0.9
2023-07-13,97.45416666666667,121.5,141.025,239.0,24,0.5
2023-07-14,92.10833333333333,119.0,134.14166666666668,234.0,24,2.0
2023-07-15,79.2625,109.9,115.55833333333334,186.0,24,0.9
2023-07-16,72.87083333333334,111.8,107.16666666666667,178.0,24,1.9
2023-07-17,58.6625,89.9,85.80833333333334,166.0,24,0.4
2023-07-18,39.979166666666664,59.4,60.57083333333333,152.0,24,0.0
2023-07-19,51.31666666666666,77.1,75.08749999999999,219.0,24,0.0
2023-07-20,49.46666666666667,70.8,71.79583333333333,192.0,24,0.0
2023-07-21,58.28333333333333,95.9,86.17916666666667,241.0,24,0.0
2023-07-22,53.800000000000004,89.2,78.62916666666666,187.0,24,0.0
2023-07-23,65.29166666666667,115.7,97.69583333333333,164.0,24,0.3
2023-07-24,53.50833333333333,85.7,82.10416666666667,161.0,24,1.2
2023-07-25,75.32916666666667,101.5,110.23333333333333,214.0,24,0.9
2023-07-26,89.21666666666665,181.6,130.64166666666668,181.0,24,0.5
2023-07-27,113.7625,186.7,165.37083333333334,247.0,24,1.6
2023-07-28,59.23333333333333,123.4,88.61666666666667,192.0,24,2.0
2023-07-29,36.86666666666667,52.6,56.5375,156.0,24,0.0
2023-07-30,44.29583333333333,62.2,66.92083333333333,178.0,24,0.0
2023-07-31,44.458333333333336,99.2,65.52916666666667,149.0,24,0.1
2023-08-01,29.758333333333336,46.4,46.425000000000004,122.0,24,0.0
2023-08-02,36.949999999999996,58.2,58.44583333333333,109.0,24,5.3
2023-08-03,46.53333333333333,65.2,70.7,154.0,24,0.8
2023-08-04,48.050000000000004,75.0,71.06666666666666,176.0,24,0.0
2023-08-05,45.6875,75.4,69.06666666666666,140.0,24,0.1
2023-08-06,59.57083333333333,88.0,88.35000000000001,217.0,24,0.1
2023-08-07,66.25833333333334,109.9,98.13333333333333,180.0,24,0.2
2023-08-08,58.525,107.3,87.69166666666666,163.0,24,2.8
2023-08-09,41.44166666666667,75.9,63.44583333333333,152.0,24,0.2
2023-08-10,41.77916666666667,54.5,64.95,203.0,24,2.6
2023-08-11,51.07916666666667,81.3,77.6375,233.0,24,0.2
2023-08-12,40.949999999999996,60.5,61.85833333333333,205.0,24,0.5
2023-08-13,36.15833333333333,51.6,56.199999999999996,157.0,24,0.9
2023-08-14,44.541666666666664,60.3,67.92916666666666,177.0,24,0.0
2023-08-15,54.887499999999996,88.7,82.84583333333333,227.0,24,0.1
2023-08-16,54.67083333333333,84.3,82.37916666666666,214.0,24,0.1
2023-08-17,42.550000000000004,70.8,64.69166666666666,164.0,24,0.0
2023-08-18,56.737500000000004,98.0,85.0,241.0,24,0.0
2023-08-19,36.93333333333333,72.2,56.475,159.0,24,0.0
2023-08-20,38.625,53.9,59.949999999999996,178.0,24,0.0
2023-08-21,47.32916666666667,89.6,71.3875,157.0,24,0.7
2023-08-22,51.770833333333336,80.6,77.73333333333333,169.0,24,0.1
2023-08-23,49.395833333333336,79.9,74.59583333333333,176.0,24,0.2
2023-08-24,39.020833333333336,63.6,60.22083333333333,137.0,24,0.1
2023-08-25,54.0875,70.1,81.45,212.0,24,0.5
2023-08-26,59.19166666666666,118.7,88.5625,211.0,24,0.8
2023-08-27,55.42916666666667,96.2,83.18333333333334,156.0,24,1.7
2023-08-28,73.83749999999999,106.9,108.39583333333333,209.0,24,1.3
2023-08-29,60.42916666666667,115.0,89.87916666666666,165.0,24,0.0
2023-08-30,52.19583333333333,91.3,79.07083333333334,204.0,24,0.0
2023-08-31,63.166666666666664,92.4,92.96249999999999,260.0,24,0.0
2023-09-01,57.1,83.6,83.39999999999999,240.0,24,0.0
2023-09-02,40.65833333333333,64.0,62.15833333333333,187.0,24,2.0
2023-09-03,37.75416666666667,49.4,58.925000000000004,191.0,24,0.3
2023-09-04,40.09166666666667,67.8,61.67916666666667,171.0,24,0.1
2023-09-05,39.225,64.7,60.86666666666667,159.0,24,0.0
2023-09-06,57.50416666666666,90.6,86.10000000000001,229.0,24,0.0
2023-09-07,41.887499999999996,85.9,63.92916666666667,205.0,24,0.0
2023-09-08,40.975,51.5,62.85,169.0,24,1.7
2023-09-09,52.38333333333333,68.9,79.85000000000001,204.0,24,0.9
2023-09-10,56.512499999999996,77.5,85.27499999999999,241.0,24,2.0
2023-09-11,57.71666666666667,104.1,85.675,172.0,24,0.5
2023-09-12,45.0625,90.1,65.7,186.0,24,0.0
2023-09-13,44.729166666666664,77.5,66.95833333333333,210.0,24,0.0
2023-09-14,53.4,71.0,79.28750000000001,220.0,24,0.8
2023-09-15,50.0875,84.8,74.90833333333333,202.0,24,0.0
2023-09-16,38.6,54.7,59.625,153.0,24,0.1
2023-09-17,46.916666666666664,67.8,70.525,161.0,24,0.9
2023-09-18,58.13333333333333,92.4,85.90416666666665,220.0,24,1.7
2023-09-19,67.93333333333334,122.0,100.94166666666666,208.0,24,3.1
2023-09-20,51.09583333333333,95.9,77.20416666666667,201.0,24,0.4
2023-09-21,75.10000000000001,109.4,110.52083333333333,256.0,24,2.4
2023-09-22,53.65416666666667,91.3,79.27499999999999,240.0,24,0.2
2023-09-23,34.3125,51.7,52.958333333333336,149.0,24,0.5
2023-09-24,47.40416666666667,76.6,71.77083333333333,200.0,24,0.6
2023-09-25,57.645833333333336,89.9,83.925,232.0,24,0.0
2023-09-26,45.88333333333333,76.4,67.79166666666667,204.0,24,0.0
2023-09-27,50.34583333333333,89.4,74.3125,215.0,24,0.0
2023-09-28,36.62083333333333,69.8,55.18333333333334,157.0,24,0.0
2023-09-29,44.87916666666666,68.9,67.27499999999999,222.0,24,0.0
2023-09-30,52.75416666666666,71.2,78.82083333333334,239.0,24,0.5
2023-10-01,54.62083333333334,85.2,80.39166666666667,231.0,24,0.3
2023-10-02,50.458333333333336,76.8,74.28750000000001,220.0,24,0.5
2023-10-03,61.675000000000004,85.7,92.2375,218.0,24,0.5
2023-10-04,43.675000000000004,67.5,65.75,154.0,24,0.4
2023-10-05,41.80416666666667,71.2,63.00416666666666,160.0,24,0.1
2023-10-06,54.0625,76.8,79.4875,219.0,24,0.8
2023-10-07,52.60833333333333,81.5,77.18333333333334,211.0,24,0.5
2023-10-08,45.8125,75.4,68.58333333333333,176.0,24,0.3
2023-10-09,45.78333333333333,82.4,68.97500000000001,154.0,24,1.6
2023-10-10,37.62916666666667,76.6,57.37083333333334,126.0,24,4.7
2023-10-11,56.862500000000004,83.1,84.07083333333334,208.0,24,3.0
2023-10-12,46.7875,75.0,70.82083333333334,179.0,24,1.9
2023-10-13,62.12083333333333,76.8,92.05833333333334,243.0,24,0.9
2023-10-14,68.47916666666667,102.7,99.88333333333333,209.0,24,1.0
2023-10-15,47.35833333333333,69.2,69.79583333333333,177.0,24,3.3
2023-10-16,43.44166666666666,65.7,65.17083333333333,204.0,24,0.3
2023-10-17,38.80416666666667,54.8,58.875,195.0,24,0.2
2023-10-18,47.7125,66.1,71.72500000000001,204.0,24,0.2
2023-10-19,28.150000000000002,41.0,45.637499999999996,131.0,24,0.0
2023-10-20,32.59583333333333,68.0,50.82916666666667,121.0,24,4.3
2023-10-21,49.63333333333333,98.0,74.25416666666666,176.0,24,0.6
2023-10-22,70.61666666666666,151.3,103.42916666666667,222.0,24,2.9
2023-10-23,79.45416666666667,153.7,116.18333333333334,204.0,24,1.1
2023-10-24,73.32916666666667,106.4,107.62916666666666,232.0,24,3.6
2023-10-25,50.10833333333333,68.7,72.47500000000001,186.0,24,4.3
2023-10-26,62.875,95.9,90.27916666666665,217.0,24,1.4
2023-10-27,69.25,108.5,99.94166666666666,229.0,24,0.3
2023-10-28,45.35,72.9,67.49583333333334,188.0,24,0.0
2023-10-29,53.80416666666667,82.9,80.76666666666667,221.0,24,0.0
2023-10-30,44.262499999999996,69.6,64.69583333333334,218.0,24,0.0
2023-10-31,29.633333333333336,44.9,44.27916666666667,160.0,24,0.8
2023-11-01,58.40833333333333,80.8,84.5,215.0,24,2.1
2023-11-02,66.71666666666667,87.1,98.1375,209.0,24,4.6
2023-11-03,72.3625,102.4,104.89583333333333,220.0,24,15.8
2023-11-04,44.6875,73.3,65.02083333333333,162.0,24,11.8
2023-11-05,46.1625,79.9,66.875,128.0,24,6.1
2023-11-06,54.27916666666667,75.7,79.5,171.0,24,1.0
2023-11-07,54.475,96.2,79.76666666666667,208.0,24,1.7
2023-11-08,63.75833333333333,121.1,93.1375,200.0,24,1.5
2023-11-09,105.8625,157.9,152.95000000000002,262.0,24,3.2
2023-11-10,91.04166666666667,134.6,131.57083333333333,233.0,24,8.0
2023-11-11,82.69583333333334,128.5,119.28333333333335,225.0,24,4.0
2023-11-12,83.64999999999999,120.1,120.92916666666667,218.0,24,0.8
2023-11-13,58.00833333333333,100.1,84.67083333333333,170.0,24,6.2
2023-11-14,41.37083333333333,60.5,62.09583333333333,152.0,24,20.3
2023-11-15,60.88333333333333,138.8,88.075,224.0,24,0.8
2023-11-16,80.92083333333333,140.6,116.49166666666667,236.0,24,0.9
2023-11-17,56.14166666666666,88.7,81.72916666666667,168.0,24,2.2
2023-11-18,58.92916666666667,95.0,85.5,211.0,24,9.5
2023-11-19,70.17083333333333,106.2,102.25833333333333,236.0,24,29.7
2023-11-20,50.76666666666667,83.8,74.49583333333334,171.0,24,2.6
2023-11-21,47.60833333333333,80.6,70.45,138.0,24,11.3
2023-11-22,54.175000000000004,72.2,79.64166666666667,209.0,24,8.2
2023-11-23,79.375,152.7,115.44166666666666,191.0,24,2.5
2023-11-24,72.45833333333333,154.1,105.24166666666667,178.0,24,30.2
2023-11-25,52.85833333333333,105.2,76.2,162.0,24,13.6
2023-11-26,74.83749999999999,131.8,107.75833333333333,213.0,24,10.1
2023-11-27,27.245833333333334,51.2,39.708333333333336,164.0,24,14.0
2023-11-28,54.2875,84.8,78.59583333333333,166.0,24,11.1
2023-11-29,41.0625,55.4,60.05833333333334,147.0,24,4.2
2023-11-30,36.78333333333333,55.8,53.35833333333333,193.0,24,16.9
2023-12-01,52.104166666666664,121.1,74.49166666666666,137.0,24,9.6
2023-12-02,70.65833333333333,95.0,101.52083333333333,226.0,24,2.6
2023-12-03,55.150000000000006,92.0,79.69166666666668,161.0,24,17.6
2023-12-04,75.8125,163.4,108.8875,161.0,24,25.0
2023-12-05,91.28750000000001,161.6,130.94166666666666,218.0,24,3.8
2023-12-06,73.34166666666667,122.0,105.76666666666667,183.0,24,2.8
2023-12-07,72.09583333333333,109.0,103.8,216.0,24,4.9
2023-12-08,74.71249999999999,123.4,107.93333333333334,214.0,24,5.2
2023-12-09,79.9,125.7,115.35833333333333,179.0,24,5.5
2023-12-10,54.05833333333334,104.3,78.42083333333333,193.0,24,5.7
2023-12-11,60.354166666666664,91.3,87.58749999999999,163.0,24,1.4
2023-12-12,52.65833333333333,111.8,76.61666666666666,219.0,24,2.0
2023-12-13,85.40416666666665,139.7,124.15416666666665,234.0,24,0.3
2023-12-14,81.21249999999999,133.6,124.14999999999999,261.0,24,0.1
2023-12-15,104.47083333333335,131.3,106.52083333333333,250.0,24,0.1
2023-12-16,84.33749999999999,151.8,121.54166666666667,257.0,24,0.5
2023-12-17,64.92083333333333,123.9,93.82083333333333,254.0,24,0.6
2023-12-18,54.449999999999996,90.6,79.08749999999999,182.0,24,0.4
2023-12-19,61.75416666666666,102.2,89.86666666666667,243.0,24,0.4
2023-12-20,31.041666666666668,56.7,44.8125,154.0,24,0.0
2023-12-21,39.458333333333336,59.8,57.6,186.0,24,0.0
2023-12-22,28.6375,46.3,42.1625,110.0,24,0.0
2023-12-23,62.49166666666667,114.6,91.56666666666666,211.0,24,0.2
2023-12-24,65.32916666666667,99.4,96.53750000000001,161.0,24,10.6
2023-12-25,47.354166666666664,68.2,69.24166666666666,160.0,24,10.1
2023-12-26,53.612500000000004,99.7,77.67083333333333,143.0,24,12.0
2023-12-27,55.64166666666667,75.4,80.6375,160.0,24,5.8
2023-12-28,59.37916666666666,89.2,85.89583333333333,163.0,24,9.5
2023-12-29,56.04583333333333,82.9,82.14166666666667,156.0,24,8.1
2023-12-30,27.933333333333334,50.4,41.300000000000004,150.0,24,18.5
2023-12-31,54.762499999999996,82.0,79.325,145.0,24,21.3
2024-01-01,56.50416666666666,89.4,82.275,158.0,24,12.3
2024-01-02,56.5625,85.9,81.80833333333334,182.0,24,8.0
2024-01-03,33.041666666666664,75.2,48.17083333333333,151.0,24,26.2
2024-01-04,33.9125,76.4,49.18333333333334,95.0,24,43.6
2024-01-05,48.82083333333333,79.9,70.24583333333334,145.0,24,11.6
2024-01-06,60.0875,112.9,86.45833333333333,195.0,24,4.5
2024-01-07,66.89583333333333,100.1,96.17083333333333,166.0,24,8.1
2024-01-08,46.62083333333334,81.7,67.25833333333334,158.0,24,12.8
2024-01-09,49.86666666666667,92.2,71.75416666666666,145.0,24,4.5
2024-01-10,50.22083333333333,66.6,72.32083333333334,138.0,24,11.4
2024-01-11,26.4375,60.3,37.93333333333333,137.0,24,8.6
2024-01-12,20.325,38.6,29.208333333333332,83.0,24,1.3
2024-01-13,25.8,45.6,37.387499999999996,82.0,24,0.7
2024-01-14,32.324999999999996,81.0,47.6,89.0,24,8.0
2024-01-15,45.887499999999996,94.5,66.85416666666667,128.0,24,2.9
2024-01-16,24.858333333333334,70.5,37.15416666666667,126.0,24,2.8
2024-01-17,19.108333333333334,26.7,28.295833333333334,80.0,24,8.6
2024-01-18,19.129166666666666,31.2,27.825,70.0,24,1.3
2024-01-19,16.341666666666665,25.6,23.7625,69.0,24,13.1
2024-01-20,15.633333333333333,22.5,23.537499999999998,65.0,24,0.0
2024-01-21,15.387500000000001,23.3,23.22083333333333,63.0,24,0.3
2024-01-22,14.4625,25.4,21.758333333333336,62.0,24,0.5
2024-01-23,15.8375,29.6,23.650000000000002,63.0,24,0.3
2024-01-24,17.629166666666666,28.6,26.40416666666667,66.0,24,0.3
2024-01-25,25.166666666666668,60.1,37.34166666666667,78.0,24,1.8
2024-01-26,30.104166666666668,43.9,44.708333333333336,96.0,24,4.0
2024-01-27,23.508333333333336,43.7,34.62083333333333,90.0,24,16.7
2024-01-28,24.837500000000002,35.9,36.762499999999996,82.0,24,13.7
2024-01-29,28.129166666666666,59.6,41.84583333333333,86.0,24,22.4
2024-01-30,24.683333333333334,42.4,37.24583333333333,87.0,24,18.5
2024-01-31,35.045833333333334,75.4,51.81666666666666,95.0,24,21.0
2024-02-01,40.30833333333333,69.4,59.025,120.0,24,15.9
2024-02-02,32.68333333333333,87.1,47.11666666666667,112.0,24,9.6
2024-02-03,21.925,69.4,31.72083333333333,99.0,24,10.8
2024-02-04,37.375,100.8,55.24166666666667,99.0,24,3.3
2024-02-05,42.67083333333333,83.8,61.90833333333333,147.0,24,10.0
2024-02-06,23.0625,55.6,33.3375,118.0,24,7.0
2024-02-07,22.983333333333334,46.3,33.78333333333333,77.0,24,5.9
2024-02-08,36.69166666666667,94.5,53.23333333333333,98.0,24,1.5
2024-02-09,57.625,95.9,84.10833333333333,206.0,24,3.2
2024-02-10,35.69166666666667,64.3,52.61666666666667,152.0,24,8.6
2024-02-11,32.7125,63.1,48.05833333333334,100.0,24,10.0
2024-02-12,27.375,58.0,41.09166666666667,95.0,24,9.3
2024-02-13,38.37916666666667,81.5,56.958333333333336,105.0,24,9.4
2024-02-14,41.170833333333334,76.8,60.262499999999996,121.0,24,14.8
2024-02-15,55.27916666666667,88.7,80.22500000000001,148.0,24,12.2
2024-02-16,43.675000000000004,91.5,63.25833333333333,152.0,24,11.5
2024-02-17,32.15,54.4,47.041666666666664,120.0,24,15.6
2024-02-18,34.949999999999996,74.0,50.50833333333333,97.0,24,4.0
2024-02-19,56.84166666666667,90.1,82.4875,151.0,24,7.4
2024-02-20,61.854166666666664,105.9,90.03750000000001,155.0,24,0.4
2024-02-21,56.895833333333336,90.8,82.04166666666667,155.0,24,20.3
2024-02-22,30.5625,54.0,44.75416666666666,151.0,24,0.3
2024-02-23,31.337500000000002,93.4,46.82916666666667,91.0,24,0.3
2024-02-24,35.69166666666667,89.6,52.96666666666667,119.0,24,10.7
2024-02-25,22.295833333333334,48.4,32.525,100.0,24,19.6
2024-02-26,41.612500000000004,73.6,60.862500000000004,112.0,24,7.0
2024-02-27,34.375,71.2,50.62083333333334,123.0,24,12.7
2024-02-28,37.675,91.5,54.800000000000004,100.0,24,28.0
2024-02-29,44.84583333333333,100.4,65.17916666666666,123.0,24,10.3
2024-03-01,50.89166666666667,103.1,74.37083333333334,144.0,24,4.5
2024-03-02,46.53333333333333,103.8,67.33333333333333,146.0,24,7.0
2024-03-03,45.77916666666667,86.8,66.27916666666667,128.0,24,8.3
2024-03-04,25.983333333333334,51.5,37.824999999999996,126.0,24,5.2
2024-03-05,19.758333333333333,31.5,28.875,82.0,24,9.0
2024-03-06,22.504166666666666,42.8,33.358333333333334,75.0,24,3.3
2024-03-07,20.066666666666666,36.6,29.504166666666666,79.0,24,7.4
2024-03-08,14.15,24.2,21.645833333333332,71.0,24,14.1
2024-03-09,41.1,138.3,59.25416666666666,102.0,24,9.1
2024-03-10,48.22083333333333,111.3,69.56666666666666,159.0,24,3.6
2024-03-11,25.425,46.3,37.0625,132.0,24,42.6
2024-03-12,31.291666666666668,44.6,46.791666666666664,100.0,24,15.1
2024-03-13,36.449999999999996,54.6,54.81666666666666,103.0,24,26.2
2024-03-14,28.208333333333332,38.5,42.0875,104.0,24,4.7
2024-03-15,14.229166666666666,20.4,21.1375,86.0,24,3.6
2024-03-16,11.929166666666667,20.7,17.704166666666666,60.0,24,5.3
2024-03-17,13.533333333333333,26.2,20.183333333333334,58.0,24,2.6
2024-03-18,15.941666666666668,26.1,24.474999999999998,63.0,24,1.0
2024-03-19,16.658333333333335,24.2,25.025000000000002,66.0,24,1.4
2024-03-20,20.25,34.3,30.683333333333334,71.0,24,0.0
2024-03-21,22.4875,45.6,33.06666666666667,74.0,24,3.6
2024-03-22,38.59166666666667,105.0,55.77916666666667,102.0,24,10.0
2024-03-23,73.62083333333334,105.0,106.53333333333335,238.0,24,1.9
2024-03-24,59.92916666666667,96.2,87.27916666666665,181.0,24,4.1
2024-03-25,43.32083333333333,81.3,63.479166666666664,153.0,24,18.8
2024-03-26,57.80416666666667,90.3,84.80833333333334,152.0,24,5.4
2024-03-27,52.166666666666664,85.0,76.09583333333333,152.0,24,24.3
2024-03-28,57.90833333333333,79.2,83.5,208.0,24,5.2
2024-03-29,61.05833333333334,101.7,88.02083333333333,207.0,24,6.8
2024-03-30,81.83749999999999,124.3,118.45416666666667,248.0,24,1.5
2024-03-31,63.9625,122.5,93.14166666666667,169.0,24,4.8
2024-04-01,77.97916666666667,123.9,113.05416666666667,232.0,24,1.5
2024-04-02,77.92083333333333,115.0,113.41666666666667,187.0,24,4.5
2024-04-03,68.73333333333333,128.5,99.15416666666665,168.0,24,13.4
2024-04-04,63.82916666666667,128.1,92.06666666666666,213.0,24,14.1
2024-04-05,61.34166666666667,104.1,88.95,156.0,24,5.2
2024-04-06,90.85833333333333,145.3,131.35416666666666,174.0,24,5.2
2024-04-07,84.90833333333333,138.3,122.89166666666667,246.0,24,4.1
2024-04-08,71.125,88.2,103.1125,268.0,24,0.4
2024-04-09,69.83333333333333,98.5,100.82916666666667,241.0,24,3.1
2024-04-10,69.66666666666667,92.7,100.31666666666666,235.0,24,0.7
2024-04-11,48.40833333333333,71.9,70.09166666666667,160.0,24,8.1
2024-04-12,40.9375,81.5,58.86666666666667,132.0,24,24.0
2024-04-13,65.64583333333333,109.9,94.7,214.0,24,5.0
2024-04-14,69.34166666666667,112.7,100.08749999999999,164.0,24,2.7
2024-04-15,46.82916666666667,107.6,67.50833333333334,160.0,24,4.3
2024-04-16,44.14166666666667,87.3,64.47916666666667,156.0,24,11.3
2024-04-17,47.9,65.0,69.78333333333333,196.0,24,4.8
2024-04-18,59.82083333333333,85.9,87.35833333333333,169.0,24,6.6
2024-04-19,58.12083333333334,94.1,84.8,155.0,24,2.4
2024-04-20,43.5,81.3,63.12916666666666,152.0,24,23.4
2024-04-21,30.72083333333333,58.4,44.17916666666667,120.0,24,13.4
2024-04-22,56.762499999999996,143.0,81.53333333333333,143.0,24,4.1
2024-04-23,64.28333333333333,131.8,92.875,188.0,24,15.4
2024-04-24,76.19166666666666,126.2,109.3125,164.0,24,11.1
2024-04-25,62.37916666666666,131.3,89.76666666666667,165.0,24,13.9
2024-04-26,37.891666666666666,55.3,54.541666666666664,155.0,24,12.4
2024-04-27,33.483333333333334,59.3,48.525,106.0,24,24.1
2024-04-28,57.48333333333333,78.5,83.10833333333333,209.0,24,1.1
2024-04-29,51.05833333333334,80.1,74.91666666666667,155.0,24,5.2
2024-04-30,44.99583333333334,81.7,66.3125,156.0,24,7.5
2024-05-01,49.50833333333333,87.3,72.26666666666667,139.0,24,16.9
2024-05-02,57.80416666666667,79.4,84.1875,175.0,24,12.2
2024-05-03,65.98333333333333,97.6,95.77916666666665,212.0,24,7.1
2024-05-04,71.29166666666667,108.0,102.90416666666665,250.0,24,0.8
2024-05-05,87.25833333333333,142.5,125.90833333333335,232.0,24,1.9
2024-05-06,96.82083333333333,137.4,140.15416666666667,207.0,24,3.9
2024-05-07,88.39166666666667,136.4,127.3875,208.0,24,0.4
2024-05-08,84.5,169.0,122.77916666666665,173.0,24,1.4
2024-05-09,87.62916666666666,172.3,129.65833333333333,185.0,24,1.5
2024-05-10,44.25416666666666,56.3,68.33749999999999,173.0,24,6.9
2024-05-11,53.49166666666667,85.2,78.89999999999999,227.0,24,6.1
2024-05-12,60.324999999999996,87.1,89.0125,201.0,24,5.4
2024-05-13,46.29583333333333,70.3,69.82916666666667,153.0,24,30.3
2024-05-14,60.50416666666666,97.1,89.20416666666667,153.0,24,2.7
2024-05-15,66.59166666666667,98.7,98.40416666666665,173.0,24,1.3
2024-05-16,69.31666666666666,105.5,102.34583333333335,188.0,24,3.0
2024-05-17,95.78750000000001,151.3,137.85833333333332,221.0,24,0.9
2024-05-18,91.39999999999999,146.7,131.79999999999998,223.0,24,1.5
2024-05-19,91.21666666666665,133.6,131.52916666666667,218.0,24,1.5
2024-05-20,76.50833333333334,139.2,111.49166666666667,178.0,24,0.4
2024-05-21,92.30416666666667,139.2,134.88750000000002,191.0,24,11.6
2024-05-22,101.27916666666665,133.6,148.5875,194.0,24,6.6
2024-05-23,72.0,140.2,106.87083333333334,188.0,24,9.7
2024-05-24,46.04583333333333,67.8,67.25416666666666,162.0,24,23.8
2024-05-25,46.300000000000004,94.1,66.35000000000001,126.0,24,55.1
2024-05-26,56.31666666666666,80.3,81.7375,155.0,24,0.1
2024-05-27,58.800000000000004,98.0,85.58749999999999,153.0,24,0.7
2024-05-28,74.03333333333333,106.2,107.21249999999999,221.0,24,5.8
2024-05-29,75.0,109.7,110.80833333333334,179.0,24,4.1
2024-05-30,101.95,152.3,147.29166666666666,250.0,24,1.8
2024-05-31,80.125,106.9,116.32916666666667,217.0,24,2.6
2024-06-01,80.58749999999999,109.7,117.79166666666667,181.0,24,4.1
2024-06-02,93.325,123.9,135.06666666666666,279.0,24,11.7
2024-06-03,70.16250000000001,123.9,101.20833333333333,177.0,24,10.7
2024-06-04,79.60833333333333,130.4,114.92083333333333,173.0,24,2.9
2024-06-05,69.7625,109.7,101.40833333333335,226.0,24,0.8
2024-06-06,55.50833333333333,107.6,81.23333333333333,160.0,24,0.8
2024-06-07,46.71666666666667,73.6,69.64999999999999,158.0,24,0.2
2024-06-08,36.333333333333336,50.5,53.708333333333336,130.0,24,1.7
2024-06-09,46.97083333333333,75.2,69.04166666666667,126.0,24,15.0
2024-06-10,64.24166666666666,103.8,93.6125,198.0,24,4.3
2024-06-11,40.5875,61.0,59.925000000000004,156.0,24,15.2
2024-06-12,29.379166666666666,47.5,42.862500000000004,113.0,24,14.2
2024-06-13,32.61666666666667,49.2,47.34166666666667,95.0,24,9.9
2024-06-14,35.704166666666666,63.8,51.75833333333333,98.0,24,5.3
2024-06-15,61.6875,92.4,89.07499999999999,170.0,24,8.3
2024-06-16,63.012499999999996,100.6,91.14999999999999,186.0,24,11.5
2024-06-17,80.74166666666666,122.0,116.28333333333335,179.0,24,0.7
2024-06-18,66.73333333333333,114.1,96.95416666666667,168.0,24,7.0
2024-06-19,55.916666666666664,83.6,82.07916666666667,158.0,24,0.3
2024-06-20,39.71666666666667,56.9,59.37916666666666,156.0,24,0.0
2024-06-21,47.80416666666667,56.8,70.62916666666666,200.0,24,0.1
2024-06-22,78.22916666666667,129.0,114.75416666666666,203.0,24,0.5
2024-06-23,83.0,138.8,120.75,223.0,24,0.0
2024-06-24,51.40416666666667,84.8,75.90833333333333,170.0,24,4.1
2024-06-25,46.175000000000004,84.1,68.78750000000001,140.0,24,5.6
2024-06-26,40.84583333333333,85.0,61.01666666666667,146.0,24,0.4
2024-06-27,23.96666666666667,41.1,37.0,113.0,24,4.6
2024-06-28,29.020833333333332,40.4,42.85,89.0,24,8.8
2024-06-29,36.03333333333333,77.5,52.275,98.0,24,8.3
2024-06-30,72.72083333333333,105.7,104.85000000000001,211.0,24,0.3
2024-07-01,65.075,115.7,95.09166666666665,202.0,24,7.1
2024-07-02,51.85,104.8,74.79583333333333,157.0,24,15.0
2024-07-03,80.57916666666667,122.5,115.8125,211.0,24,4.7
2024-07-04,88.05833333333334,130.9,127.075,178.0,24,8.2
2024-07-05,36.025,68.2,52.81666666666666,173.0,24,3.9
2024-07-06,15.070833333333333,26.5,22.695833333333336,101.0,24,28.1
2024-07-07,21.462500000000002,35.2,31.358333333333334,73.0,24,3.7
2024-07-08,28.370833333333334,40.5,41.49583333333333,86.0,24,21.3
2024-07-09,32.708333333333336,53.4,47.8375,94.0,24,17.9
2024-07-10,59.99583333333334,128.5,89.1375,182.0,24,0.0
2024-07-11,94.33333333333333,135.0,136.75416666666666,244.0,24,0.2
2024-07-12,76.075,117.8,110.77499999999999,178.0,24,0.0
2024-07-13,83.6375,144.8,120.77083333333333,178.0,24,0.0
2024-07-14,83.96249999999999,148.1,120.82083333333333,225.0,24,0.0
2024-07-15,53.25416666666666,86.6,78.67083333333333,205.0,24,0.0
2024-07-16,59.958333333333336,102.4,88.1125,218.0,24,0.0
2024-07-17,46.9375,64.7,71.34166666666667,153.0,24,0.4
2024-07-18,53.3375,68.2,80.50833333333334,186.0,24,0.1
2024-07-19,48.19166666666666,70.3,72.59166666666667,180.0,24,0.2
2024-07-20,47.4125,61.7,72.19166666666666,203.0,24,0.0
2024-07-21,67.72916666666667,107.8,100.66250000000001,238.0,24,0.0
2024-07-22,49.225,68.0,74.15833333333333,223.0,24,0.0
2024-07-23,60.67916666666667,91.5,90.575,230.0,24,0.0
2024-07-24,63.262499999999996,98.0,94.71666666666665,203.0,24,0.4
2024-07-25,59.949999999999996,97.1,90.62916666666666,156.0,24,1.3
2024-07-26,58.612500000000004,89.4,87.71249999999999,182.0,24,0.9
2024-07-27,46.67083333333333,65.9,70.41666666666667,180.0,24,0.0
2024-07-28,51.6,58.9,77.68333333333334,206.0,24,0.3
2024-07-29,57.56666666666666,92.0,85.8,175.0,24,0.3
2024-07-30,55.98333333333333,85.4,83.41250000000001,205.0,24,0.0
2024-07-31,48.916666666666664,70.5,73.24583333333334,167.0,24,0.0
2024-08-01,62.887499999999996,91.0,94.4875,178.0,24,1.7
2024-08-02,53.6,92.7,79.08749999999999,158.0,24,9.8
2024-08-03,50.975,65.4,73.56666666666666,175.0,24,14.1
2024-08-04,74.65416666666667,118.5,107.67083333333333,249.0,24,1.9
2024-08-05,73.21666666666667,119.2,107.84166666666665,222.0,24,3.2
2024-08-06,63.62083333333334,111.8,94.4375,168.0,24,0.0
2024-08-07,66.97916666666667,98.7,100.3625,204.0,24,0.2
2024-08-08,61.90833333333333,86.8,93.12916666666666,167.0,24,1.1
2024-08-09,54.24166666666667,91.7,81.25833333333334,155.0,24,0.5
2024-08-10,54.99166666666667,70.8,82.57083333333334,181.0,24,0.7
2024-08-11,66.25833333333334,101.7,99.28333333333335,215.0,24,1.9
2024-08-12,72.06666666666666,133.6,107.97916666666667,202.0,24,0.1
2024-08-13,45.479166666666664,68.2,68.55,203.0,24,0.0
2024-08-14,48.574999999999996,78.9,73.7625,194.0,24,0.0
2024-08-15,53.025,83.4,79.97500000000001,205.0,24,0.0
2024-08-16,52.324999999999996,101.0,79.12916666666666,210.0,24,0.1
2024-08-17,34.34583333333333,64.0,54.29583333333333,142.0,24,0.1
2024-08-18,49.26666666666666,86.8,75.05416666666666,197.0,24,0.0
2024-08-19,40.50416666666667,69.2,61.60833333333333,190.0,24,0.1
2024-08-20,41.7125,62.2,62.458333333333336,190.0,24,0.0
2024-08-21,38.983333333333334,53.4,59.512499999999996,187.0,24,0.0
2024-08-22,31.166666666666668,42.3,49.79583333333333,138.0,24,0.0
2024-08-23,39.550000000000004,60.8,62.35,158.0,24,0.8
2024-08-24,53.55416666666667,67.5,81.66666666666667,218.0,24,0.3
2024-08-25,52.20416666666667,86.8,77.72916666666667,164.0,24,0.2
2024-08-26,51.92083333333333,95.0,77.39583333333333,211.0,24,0.0
2024-08-27,63.09583333333333,95.0,93.78333333333335,242.0,24,0.0
2024-08-28,53.86666666666667,88.9,83.075,220.0,24,0.0
2024-08-29,43.0375,67.8,65.77083333333333,149.0,24,0.3
2024-08-30,41.266666666666666,65.2,62.67083333333333,178.0,24,0.1
2024-08-31,37.61666666666667,67.3,57.42083333333333,207.0,24,0.1
2024-09-01,39.74583333333333,61.0,61.29583333333333,177.0,24,0.0
2024-09-02,45.887499999999996,67.5,69.62916666666666,199.0,24,1.9
2024-09-03,64.00416666666666,92.2,95.6125,241.0,24,2.4
2024-09-04,50.4,86.8,75.64166666666667,179.0,24,0.2
2024-09-05,46.0,92.7,69.5,185.0,24,3.8
2024-09-06,33.704166666666666,51.7,51.3125,128.0,24,2.0
2024-09-07,31.150000000000002,51.7,47.449999999999996,97.0,24,0.0
2024-09-08,45.00416666666666,81.0,67.77083333333333,147.0,24,0.5
2024-09-09,40.53333333333333,59.0,61.36666666666667,124.0,24,12.0
2024-09-10,43.46666666666667,70.3,64.6875,118.0,24,3.8
2024-09-11,45.604166666666664,77.1,66.925,148.0,24,1.7
2024-09-12,49.89166666666667,71.2,74.65833333333333,184.0,24,18.4
2024-09-13,64.44166666666666,114.1,93.5625,225.0,24,1.0
2024-09-14,77.85416666666667,128.5,114.10416666666667,233.0,24,0.2
2024-09-15,66.69166666666666,104.1,98.01666666666667,236.0,24,0.0
2024-09-16,39.833333333333336,53.6,59.725,219.0,24,0.9
2024-09-17,46.487500000000004,73.6,68.84583333333333,212.0,24,0.0
2024-09-18,56.34583333333333,80.1,82.60416666666667,250.0,24,0.0
2024-09-19,39.90833333333334,66.4,59.77916666666667,222.0,24,0.0
2024-09-20,35.3125,57.6,55.05416666666667,205.0,24,0.0
2024-09-21,42.73333333333333,75.2,65.94166666666666,215.0,24,0.2
2024-09-22,40.52916666666667,68.0,63.949999999999996,176.0,24,2.2
2024-09-23,47.55833333333334,71.5,72.47083333333333,137.0,24,1.3
2024-09-24,57.06666666666666,92.4,84.89583333333333,149.0,24,8.7
2024-09-25,65.9375,90.3,95.9875,208.0,24,5.1
2024-09-26,62.54583333333333,88.2,90.24583333333334,184.0,24,21.1
2024-09-27,63.44166666666666,121.5,91.39999999999999,205.0,24,0.9
2024-09-28,65.10416666666667,121.1,95.10833333333333,168.0,24,7.2
2024-09-29,72.50416666666668,113.9,106.14166666666667,195.0,24,3.5
2024-09-30,64.19166666666666,109.2,94.90416666666665,203.0,24,0.6
2024-10-01,57.4625,80.1,85.25416666666666,216.0,24,2.7
2024-10-02,55.62916666666666,90.6,82.47916666666667,168.0,24,0.0
2024-10-03,58.449999999999996,88.5,88.0625,157.0,24,3.7
2024-10-04,70.62916666666666,95.2,105.30833333333334,202.0,24,9.9
2024-10-05,63.92083333333333,106.9,95.13333333333333,162.0,24,3.2
2024-10-06,67.96666666666667,101.5,98.9875,216.0,24,6.8
2024-10-07,64.83749999999999,104.8,94.51666666666667,208.0,24,0.6
2024-10-08,54.22083333333333,87.1,81.26666666666667,201.0,24,0.2
2024-10-09,59.31666666666666,89.2,88.92916666666667,206.0,24,3.0
2024-10-10,57.04583333333333,91.3,85.20416666666667,203.0,24,11.0
2024-10-11,42.67083333333333,75.2,65.05833333333334,151.0,24,1.2
2024-10-12,39.18333333333333,53.9,60.42916666666667,118.0,24,6.0
2024-10-13,41.987500000000004,65.0,63.324999999999996,137.0,24,6.2
2024-10-14,63.520833333333336,88.9,96.25,191.0,24,0.8
2024-10-15,86.40833333333335,120.6,125.05833333333334,247.0,24,2.5
2024-10-16,107.04583333333333,149.5,154.88750000000002,278.0,24,0.9
2024-10-17,81.28333333333333,141.6,118.45833333333333,259.0,24,0.0
2024-10-18,58.762499999999996,88.9,87.1875,225.0,24,0.1
2024-10-19,58.512499999999996,97.8,86.99166666666667,211.0,24,0.1
2024-10-20,36.854166666666664,62.9,54.2875,152.0,24,0.5
2024-10-21,48.10833333333333,61.9,72.03333333333333,248.0,24,0.0
2024-10-22,49.8125,73.1,74.35416666666667,253.0,24,0.0
2024-10-23,43.737500000000004,60.1,64.8125,212.0,24,0.4
2024-10-24,41.708333333333336,64.5,62.012499999999996,191.0,24,9.1
2024-10-25,68.8,120.1,100.2625,235.0,24,0.4
2024-10-26,74.44166666666666,120.1,108.47500000000001,251.0,24,0.0
2024-10-27,79.10416666666667,146.7,114.91666666666667,234.0,24,0.0
2024-10-28,92.0625,144.8,133.1,278.0,24,2.9
2024-10-29,75.20833333333333,109.4,108.66666666666667,230.0,24,0.0
2024-10-30,74.06666666666666,103.1,107.96666666666665,254.0,24,2.1
2024-10-31,77.96666666666667,95.2,115.02083333333333,217.0,24,1.2
2024-11-01,43.112500000000004,78.0,64.83333333333333,166.0,24,10.6
2024-11-02,44.645833333333336,79.6,65.05833333333334,119.0,24,13.5
2024-11-03,73.85833333333333,102.2,106.16666666666667,192.0,24,16.0
2024-11-04,72.77916666666667,102.0,104.39999999999999,164.0,24,15.8
2024-11-05,62.12916666666666,112.7,89.25833333333333,195.0,24,13.7
2024-11-06,34.12083333333333,61.2,49.54583333333333,155.0,24,9.9
2024-11-07,54.44166666666666,116.4,81.58749999999999,188.0,24,7.6
2024-11-08,91.28750000000001,157.9,131.57500000000002,239.0,24,0.3
2024-11-09,79.6125,156.0,115.43333333333334,197.0,24,4.0
2024-11-10,65.37083333333334,110.4,94.5,167.0,24,10.0
2024-11-11,64.375,78.9,92.45,224.0,24,21.4
2024-11-12,44.82916666666667,86.4,58.262499999999996,156.0,24,13.2
2024-11-13,54.15833333333333,102.0,54.737500000000004,153.0,24,11.3
2024-11-14,63.30833333333334,125.3,64.1125,154.0,24,1.6
2024-11-15,84.72916666666667,148.5,85.72083333333335,170.0,24,6.7
2024-11-16,99.39166666666667,152.7,99.85833333333333,186.0,24,7.4
2024-11-17,57.862500000000004,107.3,58.09166666666667,181.0,24,10.0
2024-11-18,30.0125,56.3,30.070833333333336,152.0,24,10.3
2024-11-19,51.28333333333333,89.6,51.416666666666664,135.0,24,7.9
2024-11-20,50.15,85.2,50.229166666666664,151.0,24,3.6
2024-11-21,48.14166666666667,100.1,48.17083333333333,137.0,24,3.6
2024-11-22,56.09166666666667,89.6,56.4,152.0,24,13.0
2024-11-23,48.97083333333333,90.1,49.27916666666667,150.0,24,12.7
2024-11-24,61.21666666666667,94.1,61.71666666666667,154.0,24,9.8
2024-11-25,60.40833333333333,105.0,61.38333333333333,154.0,24,18.9
2024-11-26,72.71666666666667,112.0,73.42916666666666,163.0,24,6.0
2024-11-27,63.395833333333336,98.0,63.82083333333333,162.0,24,9.0
2024-11-28,49.40833333333333,96.6,49.92083333333333,156.0,24,0.1
2024-11-29,47.27916666666667,95.2,48.18333333333334,152.0,24,0.0
2024-11-30,34.645833333333336,55.6,35.46666666666667,129.0,24,2.9
2024-12-01,30.829166666666666,54.1,31.729166666666668,105.0,24,10.6
2024-12-02,20.891666666666666,32.4,21.504166666666666,91.0,24,8.1
2024-12-03,19.045833333333334,31.3,19.879166666666666,72.0,24,14.9
2024-12-04,20.154166666666665,33.3,21.329166666666666,72.0,24,17.0
2024-12-05,16.116666666666667,26.5,16.579166666666666,71.0,24,6.2
2024-12-06,45.6,133.6,46.020833333333336,114.0,24,10.1
2024-12-07,47.875,122.0,48.458333333333336,158.0,24,7.8
2024-12-08,35.579166666666666,84.5,35.9,131.0,24,15.4
2024-12-09,49.86666666666667,112.2,50.1,132.0,24,15.6
2024-12-10,20.325,78.5,21.416666666666668,142.0,24,3.4
2024-12-11,23.508333333333336,42.4,24.941666666666666,76.0,24,8.6
2024-12-12,18.474999999999998,23.6,20.5,81.0,24,1.7
2024-12-13,28.054166666666664,44.6,29.870833333333334,86.0,24,2.7
2024-12-14,17.125,24.8,18.7,86.0,24,4.5
2024-12-15,25.058333333333334,41.0,25.96666666666667,80.0,24,23.7
2024-12-16,30.2375,59.6,31.05,88.0,24,12.9
2024-12-17,34.800000000000004,58.8,35.875,100.0,24,10.9
2024-12-18,21.8625,43.9,22.879166666666666,100.0,24,7.8
2024-12-19,18.583333333333332,27.9,19.483333333333334,74.0,24,15.6
2024-12-20,20.970833333333335,34.9,21.900000000000002,72.0,24,6.5
2024-12-21,35.208333333333336,76.6,36.1875,96.0,24,11.9
2024-12-22,42.137499999999996,93.4,42.762499999999996,116.0,24,8.5
2024-12-23,51.95416666666667,96.9,52.32083333333333,145.0,24,8.7
2024-12-24,41.612500000000004,76.8,42.42916666666667,141.0,24,20.1
2024-12-25,52.625,96.9,53.208333333333336,141.0,24,7.3
2024-12-26,52.12916666666667,100.4,53.112500000000004,153.0,24,3.1
2024-12-27,44.56666666666666,80.3,46.40416666666667,142.0,24,1.1
2024-12-28,36.1625,51.5,37.80833333333333,123.0,24,0.1
2024-12-29,47.56666666666666,92.2,49.32916666666667,125.0,24,2.2
2024-12-30,21.0125,67.3,22.266666666666666,134.0,24,6.3
2024-12-31,23.03333333333333,34.1,24.754166666666666,75.0,24,1.5
2025-01-01,24.025000000000002,35.9,25.037499999999998,82.0,24,4.9
2025-01-02,35.34583333333333,61.9,36.4625,99.0,24,2.2
2025-01-03,44.574999999999996,80.1,45.61666666666667,118.0,24,2.7
2025-01-04,39.15,76.8,40.483333333333334,135.0,24,2.3
2025-01-05,34.550000000000004,91.0,35.30416666666667,109.0,24,3.2
2025-01-06,45.762499999999996,90.1,47.020833333333336,141.0,24,5.4
2025-01-07,24.916666666666668,39.1,25.3125,126.0,24,15.4
2025-01-08,38.733333333333334,78.5,39.13333333333333,104.0,24,23.0
2025-01-09,35.90416666666667,72.4,36.266666666666666,128.0,24,29.0
2025-01-10,61.416666666666664,97.1,61.84166666666667,154.0,24,5.9
2025-01-11,44.520833333333336,70.8,44.96666666666667,154.0,24,5.7
2025-01-12,21.379166666666666,34.2,22.0625,123.0,24,2.4
2025-01-13,21.916666666666668,33.1,22.900000000000002,74.0,24,5.8
2025-01-14,26.883333333333336,63.6,27.504166666666666,83.0,24,10.5
2025-01-15,25.166666666666668,43.1,25.866666666666664,90.0,24,3.2
2025-01-16,20.016666666666666,31.1,20.733333333333334,81.0,24,4.4
2025-01-17,24.241666666666664,42.3,24.645833333333332,78.0,24,6.3
2025-01-18,24.070833333333336,34.2,24.516666666666666,83.0,24,70.4
2025-01-19,29.479166666666668,48.4,30.016666666666666,95.0,24,13.6
2025-01-20,33.9625,100.4,34.362500000000004,94.0,24,26.1
2025-01-21,44.57916666666667,88.0,45.1,121.0,24,16.2
2025-01-22,45.53333333333333,75.0,46.145833333333336,138.0,24,2.6
2025-01-23,50.80416666666667,89.2,51.3125,136.0,24,1.8
2025-01-24,53.887499999999996,95.5,54.46666666666667,151.0,24,18.2
2025-01-25,43.10833333333333,93.8,43.88333333333333,146.0,24,16.8
2025-01-26,23.566666666666666,41.9,24.1875,119.0,24,7.2
2025-01-27,20.3875,30.0,21.337500000000002,77.0,24,3.6
2025-01-28,25.116666666666664,39.2,25.662499999999998,79.0,24,41.9
2025-01-29,20.304166666666667,35.4,21.075,83.0,24,31.7
2025-01-30,19.833333333333332,41.2,21.40416666666667,71.0,24,8.7
2025-01-31,41.74166666666667,106.2,43.729166666666664,108.0,24,2.5
2025-02-01,36.016666666666666,95.2,37.97083333333333,125.0,24,7.9
2025-02-02,32.52916666666667,57.2,33.9625,101.0,24,6.3
2025-02-03,36.020833333333336,65.0,36.762499999999996,111.0,24,3.3
2025-02-04,24.866666666666664,39.8,25.383333333333336,101.0,24,16.4
2025-02-05,20.995833333333334,31.5,21.508333333333336,81.0,24,10.3
2025-02-06,23.795833333333334,49.6,24.47083333333333,77.0,24,8.1
2025-02-07,36.84583333333333,68.5,38.625,100.0,24,11.4
2025-02-08,35.97083333333333,73.6,36.82083333333333,108.0,24,22.4
2025-02-09,35.545833333333334,94.5,36.512499999999996,105.0,24,15.5
2025-02-10,29.974999999999998,72.2,31.116666666666664,100.0,24,6.3
2025-02-11,51.833333333333336,119.7,53.449999999999996,136.0,24,7.1
2025-02-12,83.2125,129.0,83.96249999999999,173.0,24,0.5
2025-02-13,71.10833333333333,124.8,72.1625,170.0,24,2.6
2025-02-14,47.84583333333333,119.7,48.65416666666667,163.0,24,3.9
2025-02-15,30.099999999999998,66.6,30.604166666666668,131.0,24,8.0
2025-02-16,33.11666666666667,50.5,33.46666666666667,101.0,24,12.4
2025-02-17,32.57083333333333,58.9,33.170833333333334,96.0,24,6.4
2025-02-18,38.275,59.8,38.795833333333334,117.0,24,24.5
2025-02-19,39.24583333333333,97.1,39.7,107.0,24,24.2
2025-02-20,64.47083333333333,111.3,64.70416666666667,156.0,24,4.9
2025-02-21,43.44166666666666,88.5,43.84583333333333,156.0,24,1.1
2025-02-22,30.8875,61.0,31.291666666666668,120.0,24,8.8
2025-02-23,34.4125,89.4,34.7125,99.0,24,25.1
2025-02-24,41.88333333333333,75.7,41.983333333333334,119.0,24,14.2
2025-02-25,62.39166666666667,102.7,62.604166666666664,155.0,24,8.0
2025-02-26,41.4,74.0,41.57083333333333,155.0,24,6.6
2025-02-27,51.28333333333333,88.9,51.44166666666666,147.0,24,3.1
2025-02-28,55.7125,126.2,55.82083333333333,145.0,24,7.2
2025-03-01,63.912499999999994,127.1,64.02916666666667,159.0,24,3.4
2025-03-02,60.37083333333334,109.7,60.67916666666667,157.0,24,6.2
2025-03-03,54.74166666666667,87.8,54.87083333333334,153.0,24,21.6
2025-03-04,31.991666666666664,68.0,32.11666666666667,148.0,24,24.9
2025-03-05,37.891666666666666,75.2,38.3875,118.0,24,8.3
2025-03-06,47.387499999999996,95.0,48.11666666666667,138.0,24,12.1
2025-03-07,29.058333333333334,56.2,29.425,130.0,24,5.4
2025-03-08,45.145833333333336,88.2,45.64166666666667,121.0,24,2.7
2025-03-09,46.604166666666664,100.8,46.77916666666667,139.0,24,7.8
2025-03-10,42.9,102.2,43.2125,128.0,24,3.7
2025-03-11,53.30833333333334,115.3,54.19166666666666,154.0,24,7.5
2025-03-12,49.4,96.9,49.65,145.0,24,22.5
2025-03-13,47.1,68.5,47.4375,150.0,24,7.0
2025-03-14,34.09166666666667,62.6,35.13333333333333,130.0,24,15.9
2025-03-15,32.50416666666667,69.8,33.358333333333334,97.0,24,20.8
2025-03-16,34.05416666666667,63.1,35.449999999999996,106.0,24,11.5
2025-03-17,25.566666666666666,44.0,26.145833333333332,97.0,24,27.3
2025-03-18,33.85,72.6,34.32083333333333,98.0,24,17.2
2025-03-19,44.4,82.2,44.93333333333334,122.0,24,17.5
2025-03-20,33.766666666666666,54.4,34.25416666666667,122.0,24,1.3
2025-03-21,31.3,55.5,31.625,100.0,24,5.5
2025-03-22,36.166666666666664,72.9,36.541666666666664,100.0,24,9.8
2025-03-23,38.875,59.4,39.458333333333336,113.0,24,8.4
2025-03-24,38.625,71.5,39.1625,111.0,24,5.1
2025-03-25,27.166666666666668,78.9,27.829166666666666,108.0,24,2.9
2025-03-26,67.42083333333333,107.1,68.0625,158.0,24,6.3
2025-03-27,51.67916666666667,115.3,52.487500000000004,161.0,24,2.1
2025-03-28,38.800000000000004,75.9,39.729166666666664,140.0,24,17.8
2025-03-29,21.96666666666667,34.6,23.05,108.0,24,0.1
2025-03-30,25.058333333333334,35.0,26.52916666666667,82.0,24,1.1
2025-03-31,32.81666666666667,63.1,33.96666666666667,92.0,24,4.5
2025-04-01,38.208333333333336,66.4,38.979166666666664,107.0,24,5.0
2025-04-02,48.90416666666667,107.6,49.75,129.0,24,26.2
2025-04-03,60.78333333333333,118.3,61.5375,154.0,24,8.3
2025-04-04,56.19583333333333,87.3,56.84583333333333,154.0,24,10.0
2025-04-05,60.612500000000004,115.9,61.1875,153.0,24,18.4
2025-04-06,86.67916666666667,135.5,87.19166666666666,172.0,24,13.0
2025-04-07,94.92083333333333,137.8,95.07083333333333,222.0,24,1.0
2025-04-08,76.08333333333333,151.8,76.55416666666666,182.0,24,2.8
2025-04-09,73.98333333333333,124.8,74.83333333333333,165.0,24,4.5
2025-04-10,66.27083333333333,113.9,66.96666666666667,163.0,24,4.7
2025-04-11,88.125,125.3,88.3,218.0,24,9.7
2025-04-12,63.62083333333334,103.6,63.82083333333333,173.0,24,6.0
2025-04-13,39.99166666666667,65.2,40.06666666666667,156.0,24,19.8
2025-04-14,28.691666666666666,49.7,29.433333333333334,111.0,24,1.1
2025-04-15,44.42083333333333,99.2,45.074999999999996,117.0,24,19.8
2025-04-16,60.949999999999996,87.3,61.4,164.0,24,2.0
2025-04-17,65.67916666666666,106.4,66.72500000000001,160.0,24,11.1
2025-04-18,56.94166666666667,115.9,57.175000000000004,157.0,24,12.9
2025-04-19,54.275,92.2,54.637499999999996,158.0,24,15.0
2025-04-20,44.89166666666667,85.2,45.45416666666667,147.0,24,6.4
2025-04-21,60.99583333333334,105.0,61.29583333333333,154.0,24,1.3
2025-04-22,52.225,109.7,52.916666666666664,154.0,24,0.5
2025-04-23,53.50833333333333,102.2,54.22083333333333,160.0,24,2.7
2025-04-24,36.583333333333336,64.0,37.40416666666667,145.0,24,7.7
2025-04-25,59.2125,92.9,59.666666666666664,152.0,24,13.2
2025-04-26,49.833333333333336,77.5,49.95416666666667,153.0,24,5.1
2025-04-27,63.60833333333333,106.4,63.82916666666667,158.0,24,5.1
2025-04-28,68.24166666666666,109.7,68.71666666666667,162.0,24,4.0
2025-04-29,51.15416666666667,82.2,51.975,159.0,24,1.4
2025-04-30,63.04583333333333,124.3,64.175,154.0,24,4.6
2025-05-01,82.08749999999999,132.7,82.65416666666667,225.0,24,1.0
2025-05-02,83.5,142.0,83.94166666666666,206.0,24,2.7
2025-05-03,72.71666666666667,106.4,73.02083333333333,211.0,24,10.1
2025-05-04,35.958333333333336,77.5,36.0875,162.0,24,11.3
2025-05-05,60.17083333333333,100.8,60.32916666666667,166.0,24,3.5
2025-05-06,87.60833333333333,117.3,87.64999999999999,228.0,24,0.1
2025-05-07,79.72500000000001,119.0,80.15416666666667,179.0,24,2.5
2025-05-08,75.06666666666666,115.9,75.425,167.0,24,2.7
2025-05-09,63.90833333333333,94.8,64.0125,167.0,24,3.0
2025-05-10,73.69166666666666,102.9,74.075,223.0,24,8.3
2025-05-11,51.862500000000004,76.6,52.28333333333333,163.0,24,3.9
2025-05-12,41.34166666666667,85.7,41.9125,141.0,24,3.7
2025-05-13,50.5625,84.3,50.895833333333336,150.0,24,14.2
2025-05-14,59.78333333333333,92.4,59.94583333333333,152.0,24,2.6
2025-05-15,60.949999999999996,99.2,61.19583333333333,160.0,24,0.0
2025-05-16,64.28333333333333,84.5,64.32916666666667,157.0,24,23.8
2025-05-17,54.99166666666667,76.6,55.7125,156.0,24,14.1
2025-05-18,71.425,110.4,72.05416666666666,161.0,24,0.0
2025-05-19,64.92083333333333,86.8,65.54583333333333,178.0,24,0.0
2025-05-20,45.987500000000004,78.7,46.49166666666667,157.0,24,0.0
2025-05-21,54.237500000000004,82.0,54.583333333333336,148.0,24,12.5
2025-05-22,42.295833333333334,99.7,42.87916666666666,147.0,24,9.2
2025-05-23,44.56666666666666,97.8,45.32083333333333,130.0,24,27.7
2025-05-24,38.025,76.8,38.954166666666666,140.0,24,15.2
2025-05-25,46.208333333333336,101.5,46.775,126.0,24,17.9
2025-05-26,43.6625,76.4,43.87916666666666,142.0,24,11.8
2025-05-27,27.9375,56.0,29.900000000000002,120.0,24,0.2
2025-05-28,54.625,114.1,56.270833333333336,141.0,24,0.9
2025-05-29,81.81666666666666,112.9,82.3875,221.0,24,11.1
2025-05-30,78.13333333333334,130.9,78.94583333333334,180.0,24,0.0
2025-05-31,85.97500000000001,141.6,87.0125,213.0,24,0.5
2025-06-01,95.29166666666667,134.6,97.60833333333333,179.0,24,0.1
2025-06-02,67.52916666666667,131.3,69.0,178.0,24,0.5
2025-06-03,68.875,105.2,69.50833333333334,170.0,24,4.2
2025-06-04,85.28750000000001,131.8,85.83333333333333,203.0,24,0.3
2025-06-05,104.41666666666667,161.1,104.62083333333334,230.0,24,1.1
2025-06-06,70.975,153.2,71.32083333333334,187.0,24,6.0
2025-06-07,92.7,126.2,93.03333333333335,210.0,24,5.4
2025-06-08,85.0625,118.5,85.57083333333333,223.0,24,0.0
2025-06-09,84.03333333333333,130.9,84.8,181.0,24,2.6
2025-06-10,88.27083333333333,131.3,88.89999999999999,203.0,24,6.6
2025-06-11,53.487500000000004,110.8,53.80833333333334,173.0,24,4.7
2025-06-12,51.82916666666667,80.1,52.15833333333333,183.0,24,1.2
2025-06-13,53.30833333333334,82.0,54.32083333333333,163.0,24,0.0
2025-06-14,45.583333333333336,81.3,46.35,145.0,24,0.8
2025-06-15,42.97083333333333,74.3,43.775,125.0,24,2.0
2025-06-16,50.6,75.2,51.291666666666664,141.0,24,4.0
2025-06-17,55.98333333333333,94.1,56.5375,153.0,24,20.2
2025-06-18,33.375,63.3,33.4625,150.0,24,32.6
2025-06-19,50.43333333333334,81.3,50.74583333333334,137.0,24,3.2
2025-06-20,39.7875,61.5,40.329166666666666,137.0,24,24.7
2025-06-21,69.25416666666666,125.3,69.47500000000001,158.0,24,18.9
2025-06-22,53.975,112.7,54.32916666666667,167.0,24,19.5
2025-06-23,38.324999999999996,61.9,39.24166666666667,146.0,24,21.4
2025-06-24,62.56666666666666,96.9,63.89166666666667,154.0,24,1.3
2025-06-25,91.33749999999999,141.6,91.56666666666666,197.0,24,0.5
2025-06-26,80.40416666666667,143.0,81.10833333333333,180.0,24,0.2
2025-06-27,90.40833333333335,129.9,91.47083333333335,175.0,24,1.8
2025-06-28,73.01666666666667,116.4,73.79583333333333,175.0,24,5.9
2025-06-29,64.17916666666666,101.3,64.47916666666667,163.0,24,6.9
2025-06-30,25.087500000000002,42.8,26.104166666666668,156.0,24,11.0
2025-07-01,39.108333333333334,98.3,40.550000000000004,103.0,24,21.4
2025-07-02,70.36666666666666,104.8,71.14166666666667,161.0,24,12.0
2025-07-03,57.03333333333333,93.4,57.17916666666667,161.0,24,22.4
2025-07-04,66.8875,122.9,67.34583333333333,157.0,24,0.7
2025-07-05,59.449999999999996,120.6,60.1,166.0,24,13.9
2025-07-06,55.13333333333333,101.3,55.4,153.0,24,6.8
2025-07-07,41.5625,81.7,41.99166666666667,153.0,24,28.0
2025-07-08,50.22083333333333,113.9,50.48333333333333,130.0,24,4.5
2025-07-09,75.71666666666667,125.3,75.87083333333334,212.0,24,2.7
2025-07-10,61.97083333333333,115.0,62.55416666666667,167.0,24,1.8
2025-07-11,60.99583333333334,97.8,61.625,164.0,24,0.1
2025-07-12,71.95833333333333,111.5,73.08333333333333,205.0,24,0.0
2025-07-13,66.64166666666667,95.5,67.88333333333334,164.0,24,11.1
2025-07-14,83.75416666666666,141.6,84.3625,168.0,24,1.8
2025-07-15,85.15416666666667,133.6,85.8625,179.0,24,13.4
2025-07-16,98.85416666666667,138.3,99.37916666666666,229.0,24,1.5
2025-07-17,68.75833333333334,92.2,69.52916666666667,181.0,24,0.9
2025-07-18,69.4375,111.5,70.30416666666666,164.0,24,2.9
2025-07-19,76.66666666666667,102.7,77.00416666666666,236.0,24,0.0
2025-07-20,71.15833333333333,104.3,71.85000000000001,214.0,24,1.7
2025-07-21,58.737500000000004,85.0,59.82916666666667,162.0,24,1.2
2025-07-22,62.80416666666667,88.9,63.81666666666666,182.0,24,0.0
2025-07-23,59.449999999999996,82.2,60.25,186.0,24,0.0
2025-07-24,67.2375,101.0,67.83333333333333,209.0,24,0.0
2025-07-25,64.02499999999999,103.6,64.88333333333334,162.0,24,0.3
2025-07-26,71.925,108.3,73.01666666666667,180.0,24,0.0
2025-07-27,74.14583333333333,105.9,74.95416666666667,207.0,24,6.3
2025-07-28,75.175,104.5,75.67083333333333,194.0,24,9.7
2025-07-29,59.67083333333333,105.5,60.25833333333333,165.0,24,1.6
2025-07-30,47.50416666666666,74.7,48.574999999999996,153.0,24,5.9
2025-07-31,38.84583333333333,60.5,39.729166666666664,130.0,24,0.6
2025-08-01,45.145833333333336,68.2,46.23333333333333,151.0,24,0.0
2025-08-02,51.78333333333333,91.0,52.824999999999996,170.0,24,0.1
2025-08-03,54.4,102.2,55.37916666666666,141.0,24,7.2
2025-08-04,73.70416666666667,128.1,74.22916666666667,166.0,24,2.7
2025-08-05,61.51666666666667,104.1,61.98333333333333,163.0,24,1.1
2025-08-06,63.95416666666667,92.9,64.32916666666667,219.0,24,0.0
2025-08-07,53.85833333333333,88.9,54.65416666666667,160.0,24,5.2
2025-08-08,46.45416666666667,68.7,47.26666666666667,150.0,24,6.6
2025-08-09,62.12083333333334,95.2,62.762499999999996,203.0,24,4.6
2025-08-10,69.57916666666667,92.9,70.08333333333333,205.0,24,1.9
2025-08-11,61.61666666666667,92.2,62.012499999999996,177.0,24,16.9
2025-08-12,72.02916666666667,122.0,72.09583333333333,161.0,24,7.5
2025-08-13,63.65,113.4,64.22083333333333,164.0,24,13.6
2025-08-14,71.19166666666666,92.4,71.88333333333334,189.0,24,12.0
2025-08-15,74.91250000000001,143.9,76.55416666666666,175.0,24,0.0
2025-08-16,63.98333333333333,152.3,66.50416666666666,168.0,24,0.1
2025-08-17,40.50416666666667,57.5,42.65416666666667,156.0,24,0.2
2025-08-18,33.8125,61.5,35.88333333333333,113.0,24,7.4
2025-08-19,47.25,98.3,47.98333333333333,124.0,24,12.6
2025-08-20,86.44166666666666,113.6,86.66666666666667,186.0,24,3.1
2025-08-21,55.78333333333333,102.7,56.04583333333333,172.0,24,3.6
2025-08-22,65.85000000000001,113.2,66.05416666666666,204.0,24,0.6
2025-08-23,60.708333333333336,117.8,61.375,169.0,24,3.1
2025-08-24,55.70416666666667,118.7,56.64166666666667,154.0,24,0.7
2025-08-25,105.47500000000001,162.5,105.78333333333335,184.0,24,1.1
2025-08-26,85.3,166.7,85.92916666666667,224.0,24,0.0
2025-08-27,70.45,113.2,71.84166666666667,234.0,24,1.1
2025-08-28,58.05833333333334,88.7,59.175000000000004,202.0,24,5.7
2025-08-29,64.52499999999999,126.2,65.0625,209.0,24,7.4
2025-08-30,61.2125,119.0,62.0875,171.0,24,5.7
2025-08-31,53.39166666666667,84.3,54.10833333333333,154.0,24,11.7
2025-09-01,52.112500000000004,93.6,53.4,160.0,24,0.6
2025-09-02,35.0125,63.6,36.983333333333334,142.0,24,0.1
2025-09-03,36.233333333333334,76.6,38.5,101.0,24,0.0
2025-09-04,28.691666666666666,51.9,31.645833333333332,103.0,24,0.2
2025-09-05,63.44583333333333,98.7,65.00833333333334,206.0,24,1.8
2025-09-06,74.63333333333334,124.8,75.47500000000001,164.0,24,1.5
2025-09-07,60.70416666666667,91.0,61.99166666666667,203.0,24,0.3
2025-09-08,50.9375,100.1,52.270833333333336,154.0,24,4.6
2025-09-09,72.5125,110.4,73.55,161.0,24,17.1
2025-09-10,65.5,119.2,66.43333333333334,166.0,24,15.7
2025-09-11,45.79583333333333,85.0,46.28333333333333,157.0,24,10.7
2025-09-12,60.112500000000004,92.0,60.324999999999996,153.0,24,9.2
2025-09-13,72.2625,125.7,73.18333333333334,174.0,24,0.0
2025-09-14,89.9375,126.7,90.925,218.0,24,0.6
2025-09-15,79.30416666666666,127.6,80.82083333333334,205.0,24,0.0
2025-09-16,66.3,104.5,67.57916666666667,167.0,24,4.3
2025-09-17,50.20416666666667,87.8,50.85833333333333,181.0,24,10.4
2025-09-18,65.02916666666667,102.4,65.50833333333334,156.0,24,7.4
2025-09-19,61.85,104.5,62.637499999999996,199.0,24,6.5
2025-09-20,34.670833333333334,83.4,36.104166666666664,155.0,24,10.4
2025-09-21,54.87916666666666,138.8,57.07916666666667,138.0,24,4.7
2025-09-22,73.44166666666666,137.4,74.625,204.0,24,7.1
2025-09-23,63.166666666666664,100.8,64.04166666666667,215.0,24,0.2
2025-09-24,93.0125,126.2,93.30416666666667,249.0,24,0.0
2025-09-25,68.14166666666667,111.3,69.0125,200.0,24,3.1
2025-09-26,60.333333333333336,125.7,61.229166666666664,191.0,24,4.0
2025-09-27,53.93333333333334,73.8,55.12083333333334,182.0,24,12.1
2025-09-28,34.354166666666664,58.8,37.15,146.0,24,1.3
2025-09-29,54.07083333333333,78.5,55.54583333333333,144.0,24,30.9
2025-09-30,68.17083333333333,100.8,68.7625,165.0,24,13.6
2025-10-01,53.3125,104.5,53.770833333333336,162.0,24,7.3
2025-10-02,29.4375,78.9,30.65416666666667,145.0,24,15.1
2025-10-03,64.29166666666667,92.4,64.95833333333333,155.0,24,6.6
2025-10-04,84.63333333333334,143.0,85.11666666666666,237.0,24,2.0
2025-10-05,75.5125,106.9,76.71666666666667,184.0,24,4.7
2025-10-06,58.25,97.6,59.10833333333333,165.0,24,0.7
2025-10-07,46.85833333333333,85.4,49.34583333333333,152.0,24,23.6
2025-10-08,95.14166666666667,126.7,96.65833333333335,238.0,24,0.9
2025-10-09,87.1875,151.3,88.17083333333333,208.0,24,6.0
2025-10-10,76.7625,137.8,77.8,201.0,24,3.8
2025-10-11,69.28750000000001,140.2,70.12916666666666,190.0,24,0.4
2025-10-12,56.916666666666664,109.9,57.68333333333334,160.0,24,1.2
2025-10-13,47.275,83.1,48.57916666666667,151.0,24,6.0
2025-10-14,37.541666666666664,87.1,38.69166666666667,136.0,24,0.5
2025-10-15,30.604166666666668,52.2,32.016666666666666,105.0,24,15.5
2025-10-16,48.27916666666667,82.4,49.37083333333334,141.0,24,3.9
2025-10-17,57.07083333333333,73.1,57.729166666666664,189.0,24,9.2
2025-10-18,64.28333333333333,91.5,64.64583333333333,200.0,24,0.8
2025-10-19,69.96666666666667,126.2,70.14583333333333,167.0,24,0.3
2025-10-20,78.05833333333332,136.0,78.3125,204.0,24,0.5
2025-10-21,67.39583333333333,118.0,67.64999999999999,166.0,24,2.0
2025-10-22,58.62916666666666,92.4,58.82916666666667,160.0,24,10.2
2025-10-23,45.9625,88.9,46.5625,152.0,24,13.9
2025-10-24,38.05416666666667,88.2,38.550000000000004,126.0,24,14.8
2025-10-25,53.32916666666667,109.4,54.32083333333333,141.0,24,0.3
2025-10-26,51.76666666666667,99.7,52.5375,152.0,24,9.3
2025-10-27,64.89999999999999,99.0,65.1875,156.0,24,2.2
2025-10-28,84.1125,140.2,84.24583333333334,169.0,24,12.7
2025-10-29,68.96666666666667,122.5,69.47500000000001,171.0,24,13.5
2025-10-30,66.125,101.3,66.73333333333333,160.0,24,3.9
2025-10-31,63.041666666666664,103.4,63.6875,162.0,24,3.5
2025-11-01,66.62083333333334,95.5,66.77083333333333,211.0,24,7.1
2025-11-02,73.56666666666666,116.2,73.77916666666667,165.0,24,13.2
2025-11-03,73.73333333333333,126.2,74.04166666666667,164.0,24,14.5
2025-11-04,57.4375,108.3,58.1625,164.0,24,2.3
2025-11-05,31.962500000000002,46.3,32.75,151.0,24,0.8
2025-11-06,20.666666666666668,29.3,21.520833333333332,93.0,24,5.2
2025-11-07,27.483333333333334,39.9,28.425,84.0,24,2.5
2025-11-08,22.054166666666664,31.9,22.675,85.0,24,11.2
2025-11-09,24.354166666666668,39.0,25.491666666666664,79.0,24,0.4
2025-11-10,24.02916666666667,33.9,25.1125,80.0,24,20.1
2025-11-11,30.558333333333334,54.9,31.075,90.0,24,11.8
2025-11-12,24.208333333333332,39.5,24.675,91.0,24,8.2
2025-11-13,22.558333333333334,32.0,23.037499999999998,80.0,24,3.1
2025-11-14,24.833333333333332,44.7,25.604166666666668,79.0,24,9.1
2025-11-15,39.99583333333333,69.4,41.354166666666664,111.0,24,19.0
2025-11-16,21.90833333333333,36.4,22.829166666666666,111.0,24,1.8
2025-11-17,29.354166666666668,58.7,30.645833333333332,86.0,24,0.8
2025-11-18,42.73333333333333,86.1,43.387499999999996,115.0,24,7.9
2025-11-19,51.85833333333334,85.9,52.958333333333336,146.0,24,4.8
2025-11-20,23.9375,44.5,24.7375,141.0,24,20.1
2025-11-21,29.77916666666667,40.5,31.229166666666668,88.0,24,0.7
2025-11-22,54.84583333333333,77.5,56.87916666666666,145.0,24,1.2
2025-11-23,41.09583333333333,77.8,41.825,153.0,24,5.2
2025-11-24,28.849999999999998,47.0,30.625,114.0,24,0.0
2025-11-25,29.6875,53.1,31.712500000000002,88.0,24,0.1
2025-11-26,32.65,55.2,34.125,95.0,24,0.4
2025-11-27,52.72083333333333,83.4,54.75833333333333,160.0,24,2.1
2025-11-28,73.50833333333334,111.5,75.42083333333333,162.0,24,0.6
2025-11-29,70.5125,109.0,72.31666666666666,164.0,24,3.4
2025-11-30,71.44166666666666,108.0,72.7,187.0,24,4.5
2025-12-01,81.95416666666667,148.5,82.27916666666667,211.0,24,5.2
2025-12-02,81.30833333333332,140.6,82.06666666666666,193.0,24,2.2
2025-12-03,47.74583333333334,78.2,48.104166666666664,168.0,24,6.1
2025-12-04,56.487500000000004,96.4,56.60833333333333,151.0,24,12.1
2025-12-05,77.82916666666667,144.4,77.85000000000001,165.0,24,1.8
2025-12-06,64.72500000000001,100.4,64.79166666666667,166.0,24,1.0
2025-12-07,73.1125,113.9,73.81666666666666,163.0,24,5.2
2025-12-08,43.82916666666667,96.2,45.37083333333334,163.0,24,2.9
2025-12-09,36.795833333333334,99.2,38.300000000000004,121.0,24,1.0
2025-12-10,51.11666666666667,81.3,52.35833333333333,146.0,24,0.9
2025-12-11,60.96666666666667,95.0,61.72083333333333,154.0,24,1.6
2025-12-12,63.05416666666667,104.8,64.46666666666667,156.0,24,0.1
2025-12-13,40.525,80.3,42.362500000000004,158.0,24,0.4
2025-12-14,13.654166666666667,22.1,14.054166666666667,113.0,24,0.4
2025-12-15,13.558333333333332,16.9,14.391666666666666,59.0,24,0.7
2025-12-16,15.125,18.5,15.920833333333334,61.0,24,1.7
2025-12-17,15.737499999999999,23.6,16.270833333333332,64.0,24,1.4
2025-12-18,11.754166666666668,19.3,12.358333333333334,63.0,24,18.6
2025-12-19,14.866666666666667,22.5,15.666666666666666,62.0,24,7.9
2025-12-20,25.7,58.0,26.458333333333332,80.0,24,1.5
2025-12-21,31.854166666666668,73.1,32.579166666666666,90.0,24,11.8
2025-12-22,45.45416666666667,95.7,45.94166666666666,129.0,24,8.0
2025-12-23,35.43333333333333,79.9,35.74166666666667,125.0,24,8.9
2025-12-24,52.979166666666664,105.7,53.708333333333336,141.0,24,12.2
2025-12-25,58.69166666666666,93.8,59.07083333333333,156.0,24,3.2
2025-12-26,29.233333333333334,57.7,29.7375,152.0,24,8.8
2025-12-27,17.954166666666666,26.9,19.025000000000002,88.0,24,0.9
2025-12-28,25.8,42.3,27.22083333333333,81.0,24,8.0
2025-12-29,24.974999999999998,51.2,25.4375,82.0,24,0.4
2025-12-30,31.920833333333334,85.2,32.61666666666667,93.0,24,22.6
2025-12-31,32.52916666666667,74.0,32.949999999999996,101.0,24,31.3
2026-01-01,26.5625,71.0,26.879166666666666,94.0,24,5.5
2026-01-02,31.84166666666667,60.5,32.50833333333333,99.0,24,29.1
2026-01-03,29.566666666666666,77.1,29.8875,93.0,24,16.7
2026-01-04,31.724999999999998,49.8,32.59166666666667,100.0,24,7.3
2026-01-05,39.15416666666667,77.3,40.550000000000004,123.0,24,4.6
2026-01-06,35.141666666666666,68.7,36.041666666666664,109.0,24,0.7
2026-01-07,48.64166666666667,95.2,49.3125,130.0,24,7.1
2026-01-08,28.15833333333333,61.0,29.71666666666667,136.0,24,1.1
2026-01-09,27.254166666666666,39.7,28.483333333333334,86.0,24,1.8
2026-01-10,20.166666666666668,26.6,20.920833333333334,85.0,24,6.0
2026-01-11,17.145833333333332,29.9,17.900000000000002,71.0,24,5.5
2026-01-12,20.462500000000002,35.2,21.033333333333335,75.0,24,27.6
2026-01-13,23.400000000000002,39.2,24.15416666666667,77.0,24,5.1
2026-01-14,16.958333333333332,22.8,17.545833333333334,79.0,24,2.9
2026-01-15,18.470833333333335,30.2,19.462500000000002,67.0,24,6.7
2026-01-16,35.891666666666666,69.4,37.0875,98.0,24,3.6
2026-01-17,30.27916666666667,58.7,30.991666666666664,111.0,24,46.7
2026-01-18,36.854166666666664,92.4,36.975,98.0,24,51.5
2026-01-19,51.17916666666667,105.9,51.675000000000004,148.0,24,3.1
2026-01-20,50.11666666666667,117.1,50.800000000000004,151.0,24,9.8
2026-01-21,27.929166666666664,55.6,28.59166666666667,137.0,24,11.2
2026-01-22,36.2125,50.2,37.108333333333334,112.0,24,39.8
2026-01-23,26.8,41.4,28.1875,102.0,24,40.0
2026-01-24,34.3125,105.0,37.03333333333333,92.0,24,2.4
2026-01-25,46.9375,105.9,49.44583333333333,142.0,24,4.6
2026-01-26,33.145833333333336,65.9,36.12083333333333,129.0,24,2.5
2026-01-27,25.620833333333334,46.6,28.020833333333332,96.0,24,4.3
2026-01-28,34.1875,114.1,36.68333333333333,91.0,24,25.4
2026-01-29,42.295833333333334,94.3,44.4125,144.0,24,23.8
2026-01-30,40.829166666666666,85.7,41.80833333333333,117.0,24,13.1
2026-01-31,37.2,75.7,38.016666666666666,121.0,24,18.1
2026-02-01,34.55833333333333,71.0,34.87916666666667,108.0,24,31.5
2026-02-02,33.49166666666667,81.5,34.291666666666664,98.0,24,12.7
2026-02-03,45.28333333333333,82.9,46.22083333333333,124.0,24,2.6
2026-02-04,34.449999999999996,76.6,35.12083333333333,124.0,24,6.7
2026-02-05,26.625,38.9,27.141666666666666,98.0,24,5.6
2026-02-06,23.441666666666666,38.1,24.295833333333334,84.0,24,2.7
2026-02-07,27.8,38.2,28.808333333333334,87.0,24,7.3
2026-02-08,29.379166666666666,61.0,29.9375,86.0,24,16.4
2026-02-09,37.083333333333336,100.4,37.87916666666667,99.0,24,5.7
2026-02-10,47.27916666666667,93.1,47.79583333333333,136.0,24,15.1
2026-02-11,65.53333333333333,115.3,65.9375,157.0,24,4.8
2026-02-12,54.05416666666667,125.3,54.63333333333333,160.0,24,36.0
2026-02-13,43.01666666666667,96.9,43.85,146.0,24,6.8
2026-02-14,55.416666666666664,104.3,55.65,150.0,24,13.3
2026-02-15,39.050000000000004,80.1,39.42916666666667,150.0,24,3.7
2026-02-16,36.9125,56.3,37.49583333333333,116.0,24,11.5
2026-02-17,27.258333333333336,58.9,27.837500000000002,104.0,24,8.9
2026-02-18,27.445833333333336,62.4,27.933333333333334,90.0,24,4.0
2026-02-19,27.004166666666666,47.5,27.5625,95.0,24,27.9
2026-02-20,29.391666666666666,90.1,29.6875,84.0,24,27.0
2026-02-21,48.604166666666664,84.5,49.75833333333333,138.0,24,10.1
2026-02-22,54.574999999999996,89.9,55.675000000000004,150.0,24,31.7
2026-02-23,40.475,88.5,40.75416666666667,148.0,24,37.0
2026-02-24,56.55833333333334,101.3,57.395833333333336,151.0,24,0.7
2026-02-25,32.25833333333333,65.0,34.15833333333333,151.0,24,0.2
2026-02-26,22.599999999999998,32.9,24.683333333333334,94.0,24,0.0
2026-02-27,17.466666666666665,24.8,18.841666666666665,76.0,24,2.6
2026-02-28,25.579166666666666,43.7,28.208333333333332,79.0,24,2.1
2026-03-01,45.583333333333336,80.6,48.145833333333336,122.0,24,10.2
2026-03-02,30.366666666666664,68.7,32.145833333333336,130.0,24,14.8
2026-03-03,15.775,25.5,17.229166666666668,90.0,24,11.2
2026-03-04,18.591666666666665,27.1,20.270833333333332,69.0,24,6.8
2026-03-05,13.8125,20.6,14.887500000000001,68.0,24,5.2
2026-03-06,15.5,27.0,16.054166666666667,62.0,24,3.1
2026-03-07,26.729166666666668,55.5,27.120833333333334,104.0,24,18.6
2026-03-08,34.574999999999996,58.0,35.145833333333336,105.0,24,22.3
2026-03-09,44.42916666666667,74.5,44.925000000000004,130.0,24,2.1
2026-03-10,52.612500000000004,77.8,54.90416666666667,146.0,24,1.8
2026-03-11,46.1875,69.6,48.020833333333336,143.0,24,1.9
2026-03-12,36.166666666666664,52.9,37.25833333333333,127.0,24,5.6
2026-03-13,32.59166666666667,49.4,33.59583333333333,103.0,24,0.3
2026-03-14,33.954166666666666,46.9,34.920833333333334,96.0,24,0.1
2026-03-15,40.5,61.9,41.574999999999996,115.0,24,0.0
2026-03-16,34.44583333333333,47.6,35.40833333333333,114.0,24,3.1
2026-03-17,38.291666666666664,71.2,38.62916666666667,104.0,24,0.8
2026-03-18,47.00833333333333,72.6,47.637499999999996,140.0,24,1.1
2026-03-19,54.5375,82.4,55.199999999999996,144.0,24,4.1
2026-03-20,64.44583333333334,85.4,64.7375,158.0,24,10.1
2026-03-21,46.94583333333333,75.4,47.32916666666667,156.0,24,7.9
2026-03-22,62.0875,98.3,63.49583333333334,154.0,24,0.7
2026-03-23,61.57083333333333,105.9,63.112500000000004,159.0,24,4.2
2026-03-24,47.72083333333333,78.7,48.50833333333333,154.0,24,11.0
2026-03-25,48.375,85.0,49.637499999999996,137.0,24,7.9
2026-03-26,37.3125,68.2,38.225,132.0,24,7.3
2026-03-27,44.74583333333334,68.7,45.75833333333333,130.0,24,8.7
2026-03-28,47.770833333333336,109.7,48.112500000000004,125.0,24,12.1
2026-03-29,79.125,120.1,79.22083333333333,167.0,24,2.6
2026-03-30,67.30416666666666,108.3,67.38333333333334,215.0,24,0.7
2026-03-31,59.27916666666667,119.2,59.5875,158.0,24,3.9
2026-04-01,51.574999999999996,99.7,52.15,154.0,24,11.6
2026-04-02,56.15416666666667,105.0,56.612500000000004,152.0,24,8.3
2026-04-03,55.275,107.6,55.4125,184.0,24,13.9
2026-04-04,46.637499999999996,67.8,47.07083333333333,149.0,24,12.5
2026-04-05,44.675000000000004,73.6,45.520833333333336,132.0,24,6.0
2026-04-06,66.64166666666667,89.4,66.92083333333333,157.0,24,2.5
2026-04-07,66.22500000000001,98.7,66.3125,203.0,24,0.0
2026-04-08,52.074999999999996,85.0,52.4,158.0,24,6.4
2026-04-09,38.55833333333333,90.3,40.09166666666667,149.0,24,13.4
2026-04-10,37.59166666666667,74.3,38.40833333333333,108.0,24,3.3
2026-04-11,57.17916666666667,109.2,58.0375,150.0,24,7.5
2026-04-12,61.65416666666667,112.5,62.13333333333333,160.0,24,8.0
2026-04-13,64.35000000000001,91.5,64.69583333333334,178.0,24,8.1
2026-04-14,49.75416666666666,94.5,50.60833333333333,156.0,24,8.3
2026-04-15,77.2,106.4,77.49583333333334,165.0,24,3.9
2026-04-16,62.395833333333336,90.3,62.74166666666667,169.0,24,15.7
2026-04-17,41.40833333333333,68.7,41.979166666666664,155.0,24,6.1
2026-04-18,49.6875,84.8,50.291666666666664,141.0,24,16.1
2026-04-19,50.975,78.2,51.55416666666667,164.0,24,1.3
2026-04-20,50.80833333333334,75.9,51.5,149.0,24,3.2
2026-04-21,58.84583333333333,84.8,59.333333333333336,166.0,24,7.1
2026-04-22,60.6875,90.1,61.07916666666667,158.0,24,3.4
2026-04-23,49.53333333333333,85.7,50.30416666666667,158.0,24,0.7
2026-04-24,36.545833333333334,76.6,37.6625,136.0,24,0.6
2026-04-25,36.824999999999996,57.9,37.987500000000004,103.0,24,7.5
2026-04-26,37.733333333333334,71.0,39.00833333333333,107.0,24,3.0
2026-04-27,74.77083333333333,146.7,75.1875,211.0,24,0.4
2026-04-28,63.75,146.2,64.02916666666667,169.0,24,18.3
2026-04-29,54.74583333333334,91.0,55.20416666666667,156.0,24,12.3
2026-04-30,30.608333333333334,57.3,31.120833333333334,148.0,24,19.7
2026-05-01,57.68333333333334,109.2,57.85833333333333,152.0,24,2.3
2026-05-02,55.800000000000004,101.0,56.225,159.0,24,3.5
2026-05-03,48.583333333333336,93.8,48.88333333333333,150.0,24,18.1
2026-05-04,53.166666666666664,92.4,53.425000000000004,146.0,24,17.0
2026-05-05,38.86666666666667,57.3,39.44166666666667,144.0,24,24.8
2026-05-06,50.73333333333333,92.9,51.1625,136.0,24,1.1
2026-05-07,65.67083333333333,118.3,66.05416666666666,169.0,24,0.7
2026-05-08,77.58333333333333,112.5,77.9875,211.0,24,0.0
2026-05-09,70.92916666666666,129.0,71.70416666666667,167.0,24,4.9
2026-05-10,73.0625,120.6,73.65833333333333,167.0,24,7.2
2026-05-11,71.59166666666667,110.6,72.3375,172.0,24,15.3
2026-05-12,49.0625,94.1,50.395833333333336,161.0,24,4.3
2026-05-13,62.7875,113.2,65.49166666666666,154.0,24,1.4
2026-05-14,75.14583333333333,122.9,77.675,164.0,24,2.1
2026-05-15,54.8125,99.7,57.229166666666664,164.0,24,7.6
2026-05-16,54.145833333333336,105.5,54.90833333333333,152.0,24,15.0
2026-05-17,50.333333333333336,105.5,51.729166666666664,153.0,24,0.2
2026-05-18,55.32916666666667,102.9,57.59166666666667,148.0,24,1.1
2026-05-19,56.35833333333333,105.7,59.7125,152.0,24,2.7
2026-05-20,53.12083333333334,108.3,54.85833333333333,153.0,24,4.2
2026-05-21,57.34583333333333,95.0,58.604166666666664,153.0,24,2.4
2026-05-22,52.13333333333333,80.1,52.50416666666666,151.0,24,3.8
2026-05-23,42.3375,63.8,42.6625,142.0,24,10.3
2026-05-24,32.208333333333336,55.4,32.61666666666667,117.0,24,12.7
2026-05-25,23.170833333333334,36.9,23.729166666666668,94.0,24,1.5
2026-05-26,37.920833333333334,73.1,39.03333333333333,102.0,24,0.8
2026-05-27,53.84166666666667,80.3,54.76666666666667,145.0,24,0.0
2026-05-28,46.86666666666667,86.4,47.87083333333334,148.0,24,0.0
2026-05-29,47.637499999999996,66.6,48.44583333333333,128.0,24,0.9
2026-05-30,46.387499999999996,71.7,47.50833333333333,141.0,24,4.2
2026-05-31,49.05833333333334,93.1,50.79583333333333,133.0,24,2.2
2026-06-01,55.79583333333333,89.9,59.050000000000004,150.0,24,3.6
2026-06-02,64.32916666666667,109.2,67.36666666666666,187.0,24,0.6
2026-06-03,48.54583333333333,75.9,52.43333333333334,156.0,24,1.6
2026-06-04,65.63333333333334,99.0,68.25,156.0,24,5.1
2026-06-05,51.0,103.8,52.54583333333333,160.0,24,0.3
2026-06-06,28.041666666666668,41.6,30.766666666666666,139.0,24,0.9
2026-06-07,40.416666666666664,68.9,43.9375,124.0,24,0.0
2026-06-08,43.2125,74.7,46.1875,167.0,24,0.0
2026-06-09,48.5875,81.0,53.800000000000004,150.0,24,0.0
2026-06-10,49.49583333333334,79.2,54.262499999999996,137.0,24,0.7
2026-06-11,56.24166666666667,92.7,59.84166666666667,177.0,24,0.2
2026-06-12,55.59166666666667,102.7,59.762499999999996,157.0,24,0.7
2026-06-13,28.8625,42.7,30.958333333333332,150.0,24,0.3
2026-06-14,37.05833333333333,65.2,38.93333333333333,109.0,24,9.1
2026-06-15,40.487500000000004,55.6,42.6625,118.0,24,7.8
2026-06-16,48.4125,88.0,50.612500000000004,132.0,24,1.3
2026-06-17,50.94583333333333,88.5,53.61666666666667,153.0,24,0.3
2026-06-18,46.958333333333336,84.8,49.15833333333333,164.0,24,0.0
2026-06-19,52.800000000000004,80.6,55.18333333333334,169.0,24,0.0
2026-06-20,43.34583333333333,69.2,46.12916666666666,170.0,24,5.8
2026-06-21,46.19583333333333,79.9,47.93333333333334,129.0,24,9.1
2026-06-22,52.4375,77.8,53.30833333333334,144.0,24,10.4
2026-06-23,60.637499999999996,105.7,61.375,152.0,24,6.5
2026-06-24,61.362500000000004,95.5,62.612500000000004,160.0,24,1.7
2026-06-25,61.05416666666667,84.1,61.666666666666664,174.0,24,6.1
2026-06-26,66.95416666666667,120.6,67.90833333333333,164.0,24,1.2
2026-06-27,50.574999999999996,85.4,52.699999999999996,158.0,24,0.4
2026-06-28,54.00416666666666,125.3,57.275,152.0,24,1.7
2026-06-29,54.44166666666666,89.9,58.53333333333333,146.0,24,0.0
2026-06-30,55.14166666666667,100.1,57.99583333333334,155.0,24,0.1
2026-07-01,43.854166666666664,78.9,46.574999999999996,149.0,24,0.1
2026-07-02,39.62916666666667,83.6,42.92083333333333,125.0,24,0.8
2026-07-03,43.574999999999996,84.3,46.225,134.0,24,0.1
2026-07-04,39.199999999999996,64.5,41.954166666666666,148.0,24,0.0
2026-07-05,27.570833333333336,51.9,30.808333333333334,109.0,24,0.5
2026-07-06,33.68333333333333,49.2,35.800000000000004,161.0,24,1.8
2026-07-07,56.86666666666667,95.2,59.225,150.0,24,0.1
2026-07-08,54.44583333333333,115.0,58.4,154.0,24,0.4
2026-07-09,41.94166666666667,76.6,45.49166666666667,147.0,24,0.6
2026-07-10,40.43333333333333,75.9,45.62916666666666,117.0,24,0.0
2026-07-11,58.050000000000004,103.8,64.14999999999999,164.0,24,0.6
2026-07-12,46.77916666666667,73.6,52.27916666666667,152.0,24,0.0
2026-07-13,46.40416666666667,68.9,49.78333333333333,146.0,24,0.0
2026-07-14,40.44583333333333,60.5,43.74583333333334,143.0,24,0.1
2026-07-15,37.641666666666666,55.6,40.44166666666667,136.0,24,0.0
2026-07-16,40.829166666666666,70.1,43.43333333333334,133.0,24,0.0
2026-07-17,41.67916666666667,59.5,44.975,155.0,24,0.3
2026-07-18,56.775,96.4,60.270833333333336,151.0,24,1.9
2026-07-19,48.5875,71.7,54.4125,151.0,24,1.9
2026-07-20,49.5625,91.0,56.10833333333333,141.0,24,4.4
2026-07-21,46.80833333333334,68.9,51.7875,137.0,24,2.0
2026-07-22,42.70416666666667,63.3,47.6,128.0,24,0.7
2026-07-23,43.69583333333333,77.5,48.02916666666667,123.0,24,0.4
2026-07-24,42.67083333333333,82.0,47.02916666666667,123.0,24,0.1
2026-07-25,35.75,72.6,39.6375,118.0,24,0.4
2026-07-26,31.579166666666666,47.5,35.725,146.0,24,0.0
2026-07-27,36.31666666666667,57.4,40.05416666666667,124.0,24,0.0
2026-07-28,30.570833333333336,48.9,33.824999999999996,102.0,24,0.1
2026-07-29,35.512499999999996,57.9,38.1875,151.0,24,0.0
2026-07-30,37.80416666666667,65.4,40.516666666666666,159.0,24,2.9
2026-07-31,42.175000000000004,71.9,46.237500000000004,139.0,24,1.2
2026-08-01,43.38333333333333,61.0,47.270833333333336,132.0,24,0.1
2026-08-02,45.725,80.3,49.916666666666664,142.0,24,0.1
2026-08-03,27.337500000000002,36.3,32.85,126.0,24,3.5
2026-08-04,37.69583333333333,48.9,41.858333333333334,104.0,24,5.3
2026-08-05,49.92083333333333,85.7,52.64166666666667,141.0,24,1.5
2026-08-06,42.475,68.2,46.208333333333336,137.0,24,0.0
2026-08-07,32.416666666666664,45.1,35.449999999999996,128.0,24,0.5
2026-08-08,59.104166666666664,99.4,62.42916666666667,208.0,24,0.1
2026-08-09,48.80833333333334,81.3,52.89166666666667,155.0,24,0.0
2026-08-10,50.487500000000004,85.7,55.38333333333333,184.0,24,0.0
2026-08-11,50.38333333333333,83.1,55.03333333333333,172.0,24,1.2
2026-08-12,45.708333333333336,78.9,51.49583333333334,139.0,24,0.7
2026-08-13,47.574999999999996,77.8,50.61666666666667,161.0,24,0.0
2026-08-14,58.8125,93.6,61.895833333333336,186.0,24,0.0
2026-08-15,59.300000000000004,94.3,62.895833333333336,180.0,24,0.6
2026-08-16,51.9125,78.0,56.36666666666667,158.0,24,1.7
2026-08-17,49.229166666666664,68.9,52.70416666666667,195.0,24,0.6
2026-08-18,39.512499999999996,50.5,43.5625,136.0,24,0.1
2026-08-19,46.00416666666666,77.1,50.56666666666666,122.0,24,5.0
2026-08-20,65.79166666666667,114.8,70.32916666666667,174.0,24,0.5
2026-08-21,43.92916666666667,72.6,49.5375,157.0,24,0.9
2026-08-22,36.516666666666666,43.4,40.55416666666667,171.0,24,0.2
2026-08-23,44.00416666666666,77.3,47.17083333333333,166.0,24,0.4
2026-08-24,46.21666666666667,78.9,51.625,144.0,24,0.0
2026-08-25,43.645833333333336,75.0,48.729166666666664,149.0,24,0.0
2026-08-26,34.641666666666666,47.4,39.31666666666667,120.0,24,1.1
2026-08-27,47.85,69.6,51.5875,166.0,24,0.5
2026-08-28,59.425000000000004,105.7,62.61666666666667,187.0,24,0.1
2026-08-29,49.64166666666667,84.3,54.40416666666667,155.0,24,0.0
2026-08-30,38.041666666666664,74.5,41.11666666666667,135.0,24,0.0
2026-08-31,29.52916666666667,41.3,32.53333333333333,147.0,24,0.0
2026-09-01,37.38333333333333,51.6,41.295833333333334,130.0,24,0.0
2026-09-02,34.84583333333334,41.4,39.125,121.0,24,0.1
2026-09-03,40.65833333333333,68.7,43.824999999999996,136.0,24,0.0
2026-09-04,42.387499999999996,81.3,46.145833333333336,184.0,24,0.1
2026-09-05,48.541666666666664,112.0,53.37083333333334,162.0,24,0.0
2026-09-06,42.84166666666667,86.4,46.81666666666666,194.0,24,0.0
2026-09-07,33.325,69.2,36.06666666666667,198.0,24,0.1
2026-09-08,50.25,64.7,56.09583333333333,173.0,24,0.8
2026-09-09,52.291666666666664,101.7,56.73333333333333,168.0,24,1.2
2026-09-10,51.55416666666667,93.4,56.35,190.0,24,0.8
2026-09-11,57.30416666666667,103.8,62.25,164.0,24,0.3
2026-09-12,39.00833333333333,64.0,42.329166666666666,151.0,24,1.6
2026-09-13,29.304166666666664,45.4,32.34583333333333,109.0,24,0.0
2026-09-14,42.800000000000004,83.8,47.32916666666667,120.0,24,0.0
2026-09-15,47.05833333333334,92.0,50.35833333333333,154.0,24,0.0
2026-09-16,45.97083333333333,88.0,49.98333333333333,182.0,24,0.0
2026-09-17,42.67916666666667,70.5,48.15416666666667,171.0,24,0.0
2026-09-18,39.6625,68.5,43.74583333333334,135.0,24,3.0
2026-09-19,50.291666666666664,68.7,53.48333333333333,192.0,24,8.1
2026-09-20,55.270833333333336,100.1,59.20416666666667,180.0,24,0.4
2026-09-21,34.92916666666667,49.4,38.954166666666666,155.0,24,27.3
2026-09-22,42.90833333333333,63.8,46.62083333333334,152.0,24,2.5
