komponen,sd,smp,sma_smk,pt
Uang Pendaftaran,2.13,3.36,3.97,5.05
SPP/Uang Kuliah Tunggal (UKT),4.88,4.75,7.69,33.47
Komite Sekolah,1.13,1.4,1.91,0.11
Ekstrakurikuler,0.35,0.37,0.23,0.07
Baju Sekolah dan Perlengkapannya,7.62,6.34,4.91,0.66
Buku Pelajaran/Panduan/Diktat,1.33,0.96,0.91,1.3
Lembar Kerja Siswa (LKS),1.8,1.3,0.94,0.11
Alat Tulis dan Perlengkapan Lainnya,3.46,2.42,1.84,0.76
Praktikum/Keterampilan dan Bahan Penunjangnya,0.19,0.19,0.58,0.82
Kursus yang Diselenggarakan Sekolah,0.13,0.06,0.1,0.03
Evaluasi/Ujian,0.14,0.26,0.3,0.64
Kunjungan Edukatif (Study Tour),0.38,1.14,1.12,0.32
Pendukung Pembelajaran,0.5,1.19,1.64,2.55
Lainnya,0.93,1.31,0.75,0.74
Uang Saku,61.44,55.88,50.98,35.13
Uang Transpor,13.6,19.09,22.11,18.25
