judul,sumber,tanggal,episode,label_leksikon,label_audit
"66 Perusahaan Minat Ekspor Pasir Laut, Kapan Diizinkan?",finance.detik.com,2024-07-30 07:00:00,E2_aturan_persiapan,netral,
Kebutuhan Pasir Laut Untuk Infrastruktur dan Reklamasi Dalam Negeri Tak Tergantung PP Nomor 26 Tahun 2023,Cerinews.id,2023-06-03 07:00:00,E1_pp_disahkan,netral,
"Polemik Penambangan Pasir Laut Merusak Lingkungan, Begini Kata KKP",Mongabay.co.id,2024-10-31 07:00:00,E3_ekspor_dibuka,menolak,
Menanti Pembenahan Pasca MA Cabut Aturan Ekspor Pasir Laut,Mongabay.co.id,2025-07-09 07:00:00,E4_pasca_putusan_ma,netral,
"IUP Tambang Pasir Laut PT Logomas Utama Dicabut, Nelayan Pulau Rupat Serukan Pencabutan Industri Ekstraktif di Pesisir dan Laut Indonesia",WALHI,2023-10-31 07:00:00,E1_pp_disahkan,menolak,
Nelayan Bintan Desak Cabut Izin Tambang Pasir Laut dan PSN di Pulau Poto,HMStimes.com,2026-06-05 07:00:00,E4_pasca_putusan_ma,menolak,
KKP Jelaskan soal Harga Pasir Laut yang Dipatok Sebelum Ekspor Dibuka,CNN Indonesia,2023-06-10 07:00:00,E1_pp_disahkan,netral,
"Ekspor Pasir Laut Kembali Dibuka, Pulau-pulau Kecil di RI Terancam Tenggelam - kumparan.com",Kumparan.com,2023-06-04 07:00:00,E1_pp_disahkan,menolak,
Alasan Singapura Butuh Pasir Laut Indonesia,Tempo.co,2024-09-22 07:00:00,E3_ekspor_dibuka,netral,
Polres Lebak tetapkan dua tersangka kasus tambang pasir laut ilegal,ANTARA News Banten,2026-07-14 07:00:00,E4_pasca_putusan_ma,netral,
Pasir Laut Jadi Sumber Penghidupan Warga Pulau Bacan,finance.detik.com,2025-11-12 08:00:00,E4_pasca_putusan_ma,netral,
Kemendag Jamin Izin Ekspor Pasir Laut Diatur Ketat,CNBC Indonesia,2024-09-24 07:00:00,E3_ekspor_dibuka,mendukung,
Pemprov Riau Cabut IUP Pasir Laut PT Logomas Utama di Rupat,GoRiau.com,2023-10-30 07:00:00,E1_pp_disahkan,netral,
"Ekspor Pasir Laut Diizinkan Setelah 20 Tahun Dilarang, Greenpeace: “Greenwashing Ala Pemerintah”",Greenpeace,2023-05-29 07:00:00,E1_pp_disahkan,menolak,
Pengerukan Pasir Laut di Bangka Terkendala Biaya,Kompas.com,2024-04-17 07:00:00,E2_aturan_persiapan,netral,
"Soal Kebijakan Ekspor Pasir Laut, KKP Sebut Tinggal Tunggu Keputusan Mendag, Segini Harganya",Tribunnews.com,2024-04-29 07:00:00,E2_aturan_persiapan,netral,
Kiara: Cabut dan Batalkan Aturan Sedimentasi Laut!,betahita.id,2023-06-27 07:00:00,E1_pp_disahkan,menolak,
PP soal Izin Ekspor Pasir Laut Tuai Polemik,MetroTVNews.com,2023-05-31 07:00:00,E1_pp_disahkan,netral,
3 Kapal Penambang Pasir Laut yang Ditangkap Bakamla Terafiliasi ke IPR Perkumpulan RAM,kepripedia.com,2024-06-28 07:00:00,E2_aturan_persiapan,netral,
"Saat Bupati Edi Endi Klaim Reklamasi Tidak Haram, Kendati Mawatu Resort Ambil Pasir Laut secara Ilegal",Floresa.co,2025-03-12 07:00:00,E3_ekspor_dibuka,netral,
"Presiden Restui Tambang Pasir Laut, DPRD Kepri: Harus Menguntungkan Daerah",Batam Pos – Kepri,2023-06-04 07:00:00,E1_pp_disahkan,mendukung,
"Ekspor Pasir Laut Berdampak pada Kedaulatan, Persaudaraan Tani-Nelayan: Desak Pemerintah Kaji Ulang",dailyklik.id,2024-09-18 07:00:00,E3_ekspor_dibuka,menolak,
Kritik Pakar ITS soal Surabaya Masuk Daftar Keruk Ekspor Pasir Laut,detikcom,2024-09-21 07:00:00,E3_ekspor_dibuka,menolak,
"Pasokan Pasir Laut Diduga Ilegal Terus Mengalir ke Batam, Kapal Tongkang dari Karimun Disorot",bursakota.co.id,2026-01-06 08:00:00,E4_pasca_putusan_ma,menolak,
PP Ekspor Pasir Laut Disebut Bertentangan dengan Undang Undang - Market,Bloomberg Technoz,2023-07-05 07:00:00,E1_pp_disahkan,netral,
"Penolakan Tambang Pasir Laut dan PSN di Bintan, Walhi: Bukti Negara Gagal Menjaga Laut Kepri",suaraserumpun.com,2026-06-09 07:00:00,E4_pasca_putusan_ma,menolak,
"Ekspor Pasir Laut Dibuka, Kemendag Terbitkan Dua Permendag Baru",Bloomberg Technoz,2024-09-10 07:00:00,E3_ekspor_dibuka,netral,
"Jokowi Buka Keran Ekspor Pasir Laut, Sudah Ada yang Minat?",finance.detik.com,2023-06-15 07:00:00,E1_pp_disahkan,netral,
"Alun Alun Keraton Solo akan Ditimbun Pasir Laut Selatan, Begini Tanggapan Pemerhati Sejarah",Tribunnews.com,2023-07-05 07:00:00,E1_pp_disahkan,netral,
Keran Eskpor Pasir Laut Dibuka: Masyarakat Pesisir Terancam Abrasi Halaman 1,Kompasiana.com,2024-10-02 07:00:00,E3_ekspor_dibuka,menolak,
Aliansi Nelayan Minta Lokasi Prioritas Sedimentasi Pasir Laut di Kepri Dihapus,Batam Pos – Kepri,2026-07-16 07:00:00,E4_pasca_putusan_ma,menolak,
"MAJELIS HAKIM TIPIKOR PN MAKASSAR MENOLAK SEMUA KEBERATAN / EKSEPSI TERDAKWA GAZALI MACHMUD, S.T., M.A.P DALAM PERKARA DUGAAN KORUPSI PENYIMPANGAN PENETAPAN HARGA JUAL PASIR LAUT TAKALAR TA. 2020 - kejati",kejati-jatim.go.id,2023-05-30 07:00:00,E1_pp_disahkan,netral,
"MA Kali Ini Waras, Anulir Aturan Ekspor Pasir Laut",indonesiawatch.id,2025-06-27 07:00:00,E4_pasca_putusan_ma,menolak,
"Saat Penambangan Pasir Tradisional di Kaltim Terhenti, Warga Kehilangan Tumpuan Hidup",Kompas.com,2026-01-13 08:00:00,E4_pasca_putusan_ma,netral,
"Pencurian Pasir Laut RI Marak Terjadi, KKP Terus Kejar Pelakunya",CNBC Indonesia,2024-09-30 07:00:00,E3_ekspor_dibuka,netral,
"Catat, Tak Semua Daerah Boleh Ekspor Pasir Laut",liputan6.com,2023-06-07 07:00:00,E1_pp_disahkan,netral,
"Nyolong Pasir Laut Batam, Kapal Singapura 10 Kali Bolak-balik dalam Sebulan",finance.detik.com,2024-10-12 07:00:00,E3_ekspor_dibuka,netral,
"Foto : Ekspor Pasir Laut: Dilarang Megawati dan SBY, Diizinkan Lagi di Era Jokowi Halaman 2",Kompas.com,2024-09-15 07:00:00,E3_ekspor_dibuka,netral,
"Dilarang Sejak 2007, Jokowi Terbitkan PP Izinkan Ekspor Pasir Laut",Kupas Tuntas,2023-05-29 07:00:00,E1_pp_disahkan,netral,
KKP yakinkan sedimentasi laut tak rusak ekosistem,kalbar.antaranews.com,2023-07-26 07:00:00,E1_pp_disahkan,mendukung,
"Penolakan Sedimentasi Pasir Laut di Numbing Tak Jelas, DKP sebut Tak Pernah Beri Rekomendasi",Jawa Pos,2026-07-09 07:00:00,E4_pasca_putusan_ma,menolak,
Indonesia buka keran ekspor pasir laut: Mengapa pegiat lingkungan menolak dan negara mana yang diuntungkan?,BBC,2023-05-31 07:00:00,E1_pp_disahkan,menolak,
"Polemik Rencana Ekspor Pasir Laut, Herry Tousa: Kami Mendukung Asalkan dengan Kajian Matang dan Tidak Buru-buru Cabut Moratorium",Energy World Indonesia,2023-06-07 07:00:00,E1_pp_disahkan,campuran,
"Selain Yusril Ihza, 3 Nama Ini Diduga Ikut Bermain di Penambangan Pasir Laut",Tempo.co,2024-10-06 07:00:00,E3_ekspor_dibuka,menolak,
"Penambangan Pasir Laut Ilegal Sudah Terjadi di Banyak Tempat, DFW: Ada Ekspor ke Sebuah Negara di Asia dari Natuna",Tempo.co,2024-11-22 05:07:37,E3_ekspor_dibuka,netral,
Ini Pemanfaatan Hasil Sedimentasi Laut yang Diatur di PP 26/2023,kontan.co.id,2023-07-26 07:00:00,E1_pp_disahkan,netral,
"Terbitkan PP Tambang Pasir Laut, Pemerintah Tak Belajar dari Kasus Pulau Kodingareng",Mongabay.co.id,2023-08-21 07:00:00,E1_pp_disahkan,menolak,
Kilas Balik Aturan Ekspor Pasir Laut yang Dibatalkan MA,Tempo.co,2025-06-26 07:00:00,E4_pasca_putusan_ma,netral,
KKP Hentikan Operasional Kapal Sedot Pasir Laut Milik PT Titan Wijaya di Bengkulu - betv.disway.id,Disway,2024-10-19 07:00:00,E3_ekspor_dibuka,netral,
Dampak Buruk Ekspor Pasir Laut: Merusak Lingkungan dan Ancaman Bagi Nelayan,Mongabay.co.id,2024-12-03 08:00:00,E3_ekspor_dibuka,menolak,
"Soal Ekspor Pasir Laut, WALHI: Ladang Bisnis Berkedok Scientific",Tribunnews.com,2023-06-02 07:00:00,E1_pp_disahkan,menolak,
KKP Hentikan Penambangan Pasir PT Logomas Utama di Pulau Rupat,Riau Online,2022-02-14 08:00:00,E0_sebelum_pp,netral,
"Jokowi Bilang hanya Sedimen, Anggota DPR Gerindra Ahmad Muzani Minta Ekspor Pasir Laut Ditunda",harian fajar,2024-09-22 07:00:00,E3_ekspor_dibuka,menolak,
"Video Dugaan Pencurian Pasir Laut Beredar, Polres Loteng Turun Cek Lapangan",SUARANTB.com,2025-01-16 08:00:00,E3_ekspor_dibuka,netral,
Menteri Trenggono Minta Reklamasi PIK Pakai Sedimentasi Laut,Kompas.com,2024-04-29 07:00:00,E2_aturan_persiapan,netral,
Warga Was-was Ekspor Pasir Laut Perparah Abrasi Pantura Jawa,Mongabay.co.id,2024-11-07 08:00:00,E3_ekspor_dibuka,menolak,
KKP Catat Ada 66 Perusahaan Antre Urus Izin Pemanfaatan Pasir Laut,kontan.co.id,2024-09-16 07:00:00,E3_ekspor_dibuka,netral,
"Ekspor Pasir Laut Dibuka yang Mengalir Sampai Jauh untuk Kepentingan Ekologis, Pakar: 'Penambangan Lebih Besar Mudarat Ketimbang Manfaatnya'",RiauPagi.com,2026-07-10 07:00:00,E4_pasca_putusan_ma,menolak,
"Dr Tasrif SH MH : Putusan MA Terkait Sedimentasi Laut Sesuai Astacita Prabowo, KKP Harus Melaksanakannya",Kabarindoraya.com,2025-09-27 07:00:00,E4_pasca_putusan_ma,netral,
Kades Numbing Buka Suara Soal Proyek Pasir Laut,Harian Kepri,2026-05-28 07:00:00,E4_pasca_putusan_ma,netral,
"Legalkan Ekspor Pasir Laut, Jokowi Diprotes Banyak Pihak",inibaru.id,2024-09-18 07:00:00,E3_ekspor_dibuka,menolak,
Sinyal Bahaya Menjarah Pasir Laut,Tempo.co,2023-05-31 07:00:00,E1_pp_disahkan,menolak,
Konsep APPL Lebih Matang Dibanding KKP Untuk Pemanfaatan Sedimentasi Pasir Laut,Cerinews.id,2023-06-07 07:00:00,E1_pp_disahkan,netral,
"Ekspor pasir kembali dibuka, bagaimana nasib masyarakat rentan di daerah pesisir?",The Conversation,2023-07-10 07:00:00,E1_pp_disahkan,netral,
Ini Rencana Mega Proyek Singapura yang Akan Butuhkan Pasir Laut Indonesia,Tempo.co,2024-10-05 07:00:00,E3_ekspor_dibuka,netral,
Tambang Pasir Laut dan Reklamasi Daratan Singapura,betahita.id,2023-06-15 07:00:00,E1_pp_disahkan,netral,
Nelayan Khawatir Dampak Lingkungan Tambang Pasir Laut,Kompas.id,2023-05-30 07:00:00,E1_pp_disahkan,menolak,
Zulhas Akhirnya Buka Suara soal Alasan Izinkan Ekspor Pasir Laut,CNN Indonesia,2024-09-23 07:00:00,E3_ekspor_dibuka,netral,
Kapal Asing Raksasa Penyedot Pasir Laut Ditangkap di Batam,CNN Indonesia,2024-10-11 07:00:00,E3_ekspor_dibuka,netral,
Sederet Dampak Buruk Penambangan Pasir Laut Terhadap Lingkungan - Sukabumi Update,Sukabumi Update,2023-06-14 07:00:00,E1_pp_disahkan,menolak,
Kapal Asing Penyedot Pasir Laut Ilegal di Batam Diduga Lepas,CNN Indonesia,2024-11-08 08:00:00,E3_ekspor_dibuka,netral,
Jokowi Membuka Keran Dagang Pasir Laut,Tempo.co,2024-09-19 07:00:00,E3_ekspor_dibuka,netral,
"Masyarakat Pesisir Demak Tolak Penambangan Pasir Laut di Morodemak: Banyak Desa Tenggelam, Warga Terpaksa Pindah",Tempo.co,2023-06-27 07:00:00,E1_pp_disahkan,menolak,
Ekspor Pasir Laut: Kerugian Ekologi hingga Polemik Mengenai Sedimentasi,Tempo.co,2024-10-03 07:00:00,E3_ekspor_dibuka,menolak,
HNSI Kepri Minta Pemerintah Kaji Ulang Penerapan Tambang Pasir Laut,Ulasan.co,2024-10-04 07:00:00,E3_ekspor_dibuka,menolak,
Polemik Tambang Pasir Laut: Sebabkan Abrasi dan Pulau Tenggelam - kumparan.com,Kumparan.com,2023-09-15 07:00:00,E1_pp_disahkan,menolak,
Politisi PKS Desak Pemerintah Batalkan Izin Ekspor Pasir Laut,Fraksi PKS,2024-09-19 07:00:00,E3_ekspor_dibuka,menolak,
"Diprotes Susi Pudjiastuti, Gerindra Minta Pemerintah Tunda Rencana Ekspor Pasir Laut",FAJAR,2024-09-22 07:00:00,E3_ekspor_dibuka,menolak,
"Hanya Tiga Perusahaan Resmi Tambang Pasir di Bintan, Selain Itu Illegal",Riaukepri.com,2026-02-12 08:00:00,E4_pasca_putusan_ma,netral,
"Cegah Penambangan Pasir Laut, Polsek Cukuh Balak Lakukan Ini - radarlampung.disway.id",Radar Lampung,2023-03-16 07:00:00,E0_sebelum_pp,netral,
"Jangan Kaget! Jokowi Restui Ekspor Pasir, Begini Aturannya",CNBC Indonesia,2023-05-24 07:00:00,E1_pp_disahkan,netral,
"Proyek Reklamasi Singapura Butuh Pasir Laut Negara Tetangga, Nasib RI Bagaimana? - kumparan.com",Kumparan.com,2023-06-03 07:00:00,E1_pp_disahkan,netral,
"Belum Ada PKKPRL untuk Pemanfaatan Hasil Sedimentasi di Kepri, Titik Lokasi Pasti Pemanfaatan Hasil Sedimentasi Sedang Dikaji",Batam Pos,2024-10-02 07:00:00,E3_ekspor_dibuka,netral,
"Malaysia Tangkap 2 WNI terkait Pengerukan Pasir Pantai Ilegal, Simak Kasusnya",Kompas.com,2026-04-21 07:00:00,E4_pasca_putusan_ma,netral,
Jokowi dihujani protes usai membuka kembali keran ekspor pasir laut,CNA.id,2024-09-19 07:00:00,E3_ekspor_dibuka,menolak,
KKP Amankan Kapal Berbendera Belanda yang Angkut Pasir Laut di Perairan Jakarta,20detik,2023-10-29 07:00:00,E1_pp_disahkan,netral,
"Tolak Tambang Pasir Laut untuk Bangun Tanggul Semarang, Warga Pesisir Demak Gelar Aksi Diam",Tempo.co,2023-07-19 07:00:00,E1_pp_disahkan,menolak,
Pengelolaan Hasil Sedimentasi Laut: Demi Perusahaan atau Nelayan?,betahita.id,2023-10-27 07:00:00,E1_pp_disahkan,netral,
"MA Larang Ekspor Pasir Laut, PP 26/2023 Bertentangan dengan UU Kelautan",Kompas.com,2025-06-26 07:00:00,E4_pasca_putusan_ma,netral,
Zulhas Resmi Buka Keran Ekspor Pasir Laut Usai 20 Tahun Dilarang,lajur.co,2024-09-14 07:00:00,E3_ekspor_dibuka,netral,
"Ekspor Pasir Laut Dibuka, Nelayan di Serang Khawatir Sejarah Kelam di Masa Lalu Terulang",Tribunbanten.com,2023-06-23 07:00:00,E1_pp_disahkan,menolak,
Bahtsul Masail: PWNU Jabar Putuskan Hukum Ekspor Pasir Laut Haram,NU Online Jabar,2023-08-01 07:00:00,E1_pp_disahkan,menolak,
"Muara Sungai Cokroyasan Purworejo Tertutup Pasir Laut, Sawah Beberapa Desa Tergenang Air",Kompas.com,2025-09-17 07:00:00,E4_pasca_putusan_ma,netral,
"Pasir Laut Dikeruk, Kehidupan Nelayan Ikut Tergerus",Rmol.id,2024-09-19 07:00:00,E3_ekspor_dibuka,menolak,
"Sawah Tercemari Limbah Tambang Pasir, Petani Lebak Tuntut Perbaikan",detikNews,2022-01-12 08:00:00,E0_sebelum_pp,menolak,
Riset WALHI: Perubahan Iklim dan Tambang Pasir Laut Picu Terjadinya Pelanggaran HAM pada Perempuan di Sulsel,Mongabay.co.id,2023-12-01 08:00:00,E1_pp_disahkan,menolak,
Lebih dari 100 Nelayan Buru Tolak Penambangan Sedimentasi Laut,Jawa Pos,2026-07-23 07:00:00,E4_pasca_putusan_ma,menolak,
"Kasus Tambang Pasir Laut, Mantan Kepala Badan Pengelolaan Keuangan Takalar Jadi Tersangka",Mongabay.co.id,2023-04-15 07:00:00,E0_sebelum_pp,netral,
Ramai-Ramai Tolak Pemanfaatan Hasil Sedimentasi Laut,betahita.id,2023-06-02 07:00:00,E1_pp_disahkan,menolak,
Ekspor Pasir Laut Dibuka: Kerusakan Ekosistem di Depan Mata,Forest Digest,2024-09-26 07:00:00,E3_ekspor_dibuka,menolak,
Majelis Tasbih UNIDA: Dampak Lingkungan Penambangan Pasir Laut bagi Wilayah Pesisir dan Pulau-pulau Kecil,unida.ac.id,2024-11-01 10:01:20,E3_ekspor_dibuka,netral,
LBH Muhammadiyah: Putusan MA Larang Pemerintah Ekspor Pasir Laut Jadi Sejarah Peradilan Lingkungan,AJNN.net,2025-06-30 07:00:00,E4_pasca_putusan_ma,menolak,
"Dikritik Banyak Pihak karena Kembali Buka Keran Ekspor Sedimen Laut, Kemendag: KKP Motor Utamanya",Tribunnews.com,2024-09-23 07:00:00,E3_ekspor_dibuka,menolak,
KKP Setop Permanen Penambangan Pasir di Pulau Rupat,Kompas.com,2023-06-21 07:00:00,E1_pp_disahkan,netral,
Alasan Kebijakan Ekspor Pasir Laut Diduga Demi Kepentingan Investor Singapura,Tempo.co,2023-06-15 07:00:00,E1_pp_disahkan,menolak,
"Ingkar Janji Manajemen Mawatu Resort untuk Wawancara Soal Penambangan Pasir Laut Ilegal; dari Minta Jurnalis Tunggu, hingga Klaim Sedang di Jakarta",Floresa.co,2025-03-18 07:00:00,E3_ekspor_dibuka,menolak,
"Sah! RI Buka Keran Ekspor Pasir Laut, Aturannya Berlaku Bulan Ini",CNBC Indonesia,2024-09-10 07:00:00,E3_ekspor_dibuka,netral,
"Muat 1.500 Kubik Pasir Laut, Kapal Pengeruk Ditangkap di Bengkalis",Riauin.com,2022-02-14 08:00:00,E0_sebelum_pp,netral,
"Nelayan Bintan Tolak 13 Izin Tambang Pasir Laut, Walhi: Negara Gagal Lindungi Laut",Batam Pos – Kepri,2026-06-07 07:00:00,E4_pasca_putusan_ma,menolak,
"Izin Ekspor Pasir Laut Sudah Dibuka, tapi Kok Masih Sepi Peminat?",CNBC Indonesia,2024-10-15 07:00:00,E3_ekspor_dibuka,netral,
Pakar: Sedimentasi Laut Perlu Dikeruk agar Tak Ganggu Pelayaran,finance.detik.com,2023-06-16 07:00:00,E1_pp_disahkan,mendukung,
Kejari Takalar Selamatkan Kerugian Negara Rp7 Miliar dari Korupsi Penambangan Pasir Laut,sulselsatu.com,2025-02-25 08:00:00,E3_ekspor_dibuka,netral,
"Warga Pesisir Morodemak Demak Tolak Penambangan Pasir Laut, Khawatir Banyak Desa Tenggelam",kuasakata.com,2023-06-28 07:00:00,E1_pp_disahkan,menolak,
Bahaya Dampak Ekspor Pasir Laut,Tempo.co,2023-05-29 07:00:00,E1_pp_disahkan,menolak,
"GMNI Minta Cabut Ijin Penambangan Pasir, Bupati SBD Tak 'Bergeming' Tetap Tolak Penambangan Pasir - Victory News",victorynews.id,2026-06-18 07:00:00,E4_pasca_putusan_ma,menolak,
BPS Belum Catat Adanya Ekspor Pasir Laut sejak Mei 2023,Kompas.com,2023-06-15 07:00:00,E1_pp_disahkan,netral,
Jokowi Izinkan Ekspor Pasir Laut,Tempo.co,2023-05-30 07:00:00,E1_pp_disahkan,netral,
"Mohamad Akhyak, Seniman asal Jombang, Berhasil Menyulam Pasir Laut Menjadi Karya Seni - Koran Memo",Koran Memo,2024-12-03 08:00:00,E3_ekspor_dibuka,netral,
"Rieke Diah Pitaloka Terpilih Lagi Jadi Anggota DPR, Tetapkan Lawan Kebijakan Ekspor Pasir Laut",Tempo.co,2024-10-03 07:00:00,E3_ekspor_dibuka,menolak,
"Permendag Ekspor Pasir Laut Tekenan Zulhas di Era Jokowi, Regulasi Tipu Tipu - Sawitku Id",Sawitku,2025-01-28 08:00:00,E3_ekspor_dibuka,menolak,
"Hasilkan 1000 triliun dari ekspor pasir laut, Susi Pudjiastuti tetap tolak keputusan Jokowi - Hops ID",Hops ID,2023-06-10 07:00:00,E1_pp_disahkan,menolak,
Pengusaha Konstruksi Ungkap Bangunan yang Pakai Pasir Laut Umurnya Pendek - kumparan.com,Kumparan.com,2023-06-03 07:00:00,E1_pp_disahkan,netral,
"Di Wanasalam, Pasir Laut Dijarah untuk Industri Hebel, Dewan Asep AW Tak Tinggal Diam",iNews.ID,2024-09-14 07:00:00,E3_ekspor_dibuka,menolak,
Kapal Asing Sedot Pasir Laut di Batam Apes Ketemu Menteri Ketahuan - law,law-justice.co,2024-10-12 07:00:00,E3_ekspor_dibuka,netral,
Pengamat Ingatkan Dampak Lingkungan dari Ekspor Pasir Laut,Kompas.com,2024-08-05 07:00:00,E2_aturan_persiapan,menolak,
Berapa Besar Potensi PNBP dari Ekspor Pasir Laut?,gokepri,2024-09-27 07:00:00,E3_ekspor_dibuka,netral,
KKP Hentikan Operasional Kapal Keruk Pasir di Lamongan,bisnistoday.co.id,2024-04-26 07:00:00,E2_aturan_persiapan,netral,
KKP: Aturan Ekspor Sedimen Laut Kelar Maret 2024,betahita.id,2024-01-16 08:00:00,E2_aturan_persiapan,netral,
Aktivis Lingkungan Bitung Beber Multi Efek Tambang Pasir Laut Ancam Nelayan,BeritaManado.com,2023-06-13 07:00:00,E1_pp_disahkan,menolak,
"Warga Numbing Tolak Sedimentasi Pasir Laut, Khawatir Rusak Ekosistem",Batam Pos – Kepri,2026-04-17 07:00:00,E4_pasca_putusan_ma,menolak,
PP Hima Persis Soroti Izin Ekspor Pasir Laut Setelah 20 Tahun Dilarang,RM.ID,2023-06-07 07:00:00,E1_pp_disahkan,menolak,
"Ekspor Pasir Laut Bikin Heboh, KKP Buka Suara",finance.detik.com,2024-01-02 08:00:00,E2_aturan_persiapan,netral,
"Imbas Tambang Pasir Laut, Daerah Ini Kumpulkan Pajak Melebihi Target",DDTCNews,2024-09-24 07:00:00,E3_ekspor_dibuka,netral,
5 Kegunaan Pasir Laut: Jadi Sumber Energi hingga Bahan Peranti Elektronik,Tempo.co,2023-06-01 07:00:00,E1_pp_disahkan,netral,
Penambangan Pasir Laut Era Jokowi,Validnews.id,2024-10-07 07:00:00,E3_ekspor_dibuka,netral,
PT AMG Hanya Beri CSR Tambang Pasir Rp 410 Juta ke Desa Pohgading,detikcom,2023-03-16 07:00:00,E0_sebelum_pp,netral,
Gerindra Minta Pemerintah Tunda Keputusan Buka Kembali Ekspor Pasir Laut,Forum Keadilan,2024-09-23 07:00:00,E3_ekspor_dibuka,menolak,
Emangnya Jual Pasir Laut Nguntungin?,PinterPolitik.com,2023-06-05 07:00:00,E1_pp_disahkan,netral,
Pengerukan Pasir Laut di Desa Numbing Bakal Mengukir Penderitaan Panjang Masyarakat Nelayan,SERGAP,2025-05-20 07:00:00,E3_ekspor_dibuka,menolak,
"Dugaan Pasir Laut Ilegal Masuk Proyek Sekolah: Agustinus Halawa Terima Laporan Media, Komitmen Tindak Tegas Jika Terbukti",Kupasonline.com,2026-08-03 07:00:00,E4_pasca_putusan_ma,menolak,
Operasional Kapal Keruk Pasir di Laut Dihentikan KKP,Ngopibareng.id,2024-10-21 07:00:00,E3_ekspor_dibuka,netral,
Pemkab pulihkan mangrove di Pulau Biawak akibat pengerukan pasir laut,ANTARA News,2025-10-09 07:00:00,E4_pasca_putusan_ma,netral,
Dampak Global Penambangan Pasir Laut dan Langkah yang Diperlukan,Tempo.co,2023-05-31 07:00:00,E1_pp_disahkan,netral,
"KKP Beberkan Masih Maraknya Praktik Tambang Pasir Ilegal, Lokasinya di-Spill Pak Dirjen PSDKP - disway.id",Disway,2024-06-14 07:00:00,E2_aturan_persiapan,netral,
Nelayan Sebut Aturan Ekspor Pasir Laut Jokowi Lebih Buruk dari Mega,CNN Indonesia,2023-05-31 07:00:00,E1_pp_disahkan,menolak,
Nelayan Tak Mau Ada Tambang Pasir di Perairan Rupat,Mongabay.co.id,2022-04-14 07:00:00,E0_sebelum_pp,menolak,
Pengerukan Pasir Laut di Sekitar Golden Prawn Jadi Perhatian Masyarakat Bengkong,Detik Global News,2025-01-18 08:00:00,E3_ekspor_dibuka,netral,
Ditpolairud Polda Kepri Tangkap Tiga Kapal Tambang Pasir Laut di Karimun,gokepri,2024-05-02 07:00:00,E2_aturan_persiapan,netral,
"Pemerintah Tetapkan Lokasi Pengerukan Pasir Laut, Untung atau Buntung?",Mongabay.co.id,2024-04-09 07:00:00,E2_aturan_persiapan,netral,
Komisi VII DPR RI Tolak Pengeluaran Izin Pemanfaatan Ruang Laut oleh KKP Untuk Tambang Pasir Laut di Bintan,Presmedia,2026-07-23 07:00:00,E4_pasca_putusan_ma,menolak,
"Shopie’s Library, Literasi Diantara Bulir Pasir Laut",Popularitas.com,2025-11-14 08:00:00,E4_pasca_putusan_ma,netral,
DKP Amankan 4 Kapal Penambang Pasir Ilegal di Perairan Riau,Oketimes.com,2024-08-23 07:00:00,E2_aturan_persiapan,netral,
"Dugaan proyek TPT gunakan Pasir Laut, Ombudsman Banten angkat bicara",ombudsman.go.id,2022-05-22 07:00:00,E0_sebelum_pp,netral,
"PP Tumpang Tindih, DPR Tolak Ekspor Pasir Laut",Epaper Media Indonesia,2023-06-14 07:00:00,E1_pp_disahkan,menolak,
"Pengusaha Pelanggar Aturan Pengerukan Pasir Laut Hanya Kena Sanksi Administratif, DPR: Negara Terlalu Lemah",Tempo.co,2023-06-12 07:00:00,E1_pp_disahkan,menolak,
Pasir laut untuk kebutuhan bahan bangunan,ANTARA Foto,2025-11-11 08:00:00,E4_pasca_putusan_ma,netral,
2 Kapal Berbendera Singapura Curi Pasir Laut di Batam,MetroTVNews.com,2024-10-17 07:00:00,E3_ekspor_dibuka,netral,
"Bisnis Seksi Ekspor Pasir Laut, Singapura Sudah Siap Anggaran Jumbo?",SWA.co.id,2023-06-14 07:00:00,E1_pp_disahkan,netral,
"Ekspor Pasir Laut di Kepri Masih Dilarang, Aturan Teknis Belum Dibahas",Batamnews,2023-08-10 07:00:00,E1_pp_disahkan,netral,
"IPR Pasir Laut di Pulau Babi Disebut Terhambat 'Kuota' Eksplorasi, Kontribusi PAD Diandalkan",kepripedia.com,2025-09-25 07:00:00,E4_pasca_putusan_ma,netral,
"Foto : Pemerintah Perlu Tindak Tegas Pengeruk Pasir Laut, Beri Efek Jera",Kompas.com,2025-01-29 08:00:00,E3_ekspor_dibuka,menolak,
"Program Kampung Nelayan Merah Putih di Tanggamus Dikritik Warga, Diduga Gunakan Pasir Laut Lokal untuk Pembangunan",Sinar Lampung,2026-07-21 07:00:00,E4_pasca_putusan_ma,menolak,
Seriuslah Mencegah Penambangan Pasir Laut,AJNN.net,2025-10-18 07:00:00,E4_pasca_putusan_ma,netral,
KKP amankan kapal penambang pasir laut ilegal,ANTARA Foto,2023-09-13 07:00:00,E1_pp_disahkan,netral,
"Buka Kran Ekspor Pasir Laut: Jokowi Dicaci, Megawati Dipuji",Kabar24,2023-06-05 07:00:00,E1_pp_disahkan,campuran,
"Pembukaan Kembali Ekspor Pasir Laut: Analisis Dampak Lingkungan, Sosial Ekonomi Masyarakat, dan Ekonomi Negara",Kompasiana.com,2025-02-10 08:00:00,E3_ekspor_dibuka,netral,
"Ekspor Pasir Laut Cuma Bikin Alam Bangka Belitung Makin Rusak, Pj Gubernur Baiknya Urus Kolong Besar",Bangkapos.com,2023-06-08 07:00:00,E1_pp_disahkan,menolak,
Nelayan Kabupaten Bintan Desak Pencabutan PSN dan Izin Tambang Pasir Laut,edisi.co,2026-06-05 07:00:00,E4_pasca_putusan_ma,menolak,
Begini Pengaturan Tentang Pengelolaan Pasir Laut yang Baru,Hukumonline,2023-07-06 07:00:00,E1_pp_disahkan,netral,
"Izin Ekspor Dibuka, DPMPTSP Kabupaten Serang Prediksi akan Ada Investor Tambang Pasir Laut",Tribunbanten.com,2023-06-23 07:00:00,E1_pp_disahkan,netral,
"Penyedotan pasir laut di perairan Lombe, Buton",ANTARA Foto,2024-04-30 07:00:00,E2_aturan_persiapan,netral,
Ekspor Pasir dan Proyek-Proyek di Rempang |,Republika.id,2023-06-02 07:00:00,E1_pp_disahkan,netral,
Sejarah Ekspor Pasir Indonesia yang Bikin Daratan Singapura Makin Luas,Kompas.com,2023-05-29 07:00:00,E1_pp_disahkan,netral,
Protes Susi Pudjiastuti pada Jokowi Beri Izin Ekspor Pasir Laut: Sedimen Juga Penting untuk Kita - disway.id,Disway,2024-09-19 07:00:00,E3_ekspor_dibuka,menolak,
"Pasir Laut, Putusan MA, dan Nasib Ekspornya: Apa yang Sebenarnya Terjadi? Halaman all",Kompasiana.com,2025-06-29 07:00:00,E4_pasca_putusan_ma,netral,
Presiden Jokowi Bantah Buka Keran Ekspor Pasir Laut | Menyapa Pagi SIN PO TV,SinPo.id,2024-09-19 07:00:00,E3_ekspor_dibuka,netral,
Ekspor Pasir Laut Masih Belum Diizinkan,liputan6.com,2023-07-06 07:00:00,E1_pp_disahkan,netral,
"Gara-gara Bisnis Pasir Laut, Gelar Profesor Yusril Dipertanyakan, Ferdinand: Harusnya Lebih Paham Dampak Kerusakannya",FAJAR,2024-10-04 07:00:00,E3_ekspor_dibuka,menolak,
"Tambang Pasir Laut Ancam Pulau Babi di Karimun, Aktivis Desak Pemerintah Bertindak",Jurnal Terkini,2025-09-23 07:00:00,E4_pasca_putusan_ma,menolak,
"Pulau di Rupat Terancam Tenggelam, Amir Hamzah Minta Presiden Cabut Izin Konsesi Pasir Laut PT Logo Mas Utama",CAKAPLAH.com,2022-02-02 08:00:00,E0_sebelum_pp,menolak,
Relasi Singapura - Indonesia dalam Sejarah Ekspor Pasir Laut,Katadata.co.id,2023-06-13 07:00:00,E1_pp_disahkan,netral,
"Kapal Malaysia Diduga Curi Pasir Laut di Batam, lalu Dijual ke Singapura",Kompas.com,2024-10-18 07:00:00,E3_ekspor_dibuka,netral,
"Modus Kapal Singapura Curi Pasir di Batam, 10 Ribu Meter Kubik Sekali Angkut!",Suara.com,2024-10-13 07:00:00,E3_ekspor_dibuka,netral,
Pengamat UGM: Stop Ekspor Pasir Laut,Universitas Gadjah Mada,2024-09-19 07:00:00,E3_ekspor_dibuka,menolak,
"Singapura Maling Pasir Laut RI, Sedot 100 Ribu Meter Kubik Sebulan",CNBC Indonesia,2024-10-13 07:00:00,E3_ekspor_dibuka,netral,
Pemerintah Buka Jalan Ekspor Pasir Laut,Kompas.id,2024-09-09 07:00:00,E3_ekspor_dibuka,netral,
"Jokowi Bilang Sedimen Beda dari Pasir Laut, Susi Sebut Sedimen Apapun Sangat Penting",Tempo.co,2024-09-20 07:00:00,E3_ekspor_dibuka,netral,
Bakamla Amankan 3 Kapal Penambangan Pasir Ilegal di Perairan Karimun,detikcom,2024-06-28 07:00:00,E2_aturan_persiapan,netral,
Kapal Bendera Belanda Ketangkep Basah Lagi Keruk Pasir Laut Jakarta,VIVA.co.id,2023-10-28 07:00:00,E1_pp_disahkan,netral,
Pengamat soal Ekspor Pasir Laut: Sama Saja Jual Tanah Air,finance.detik.com,2024-09-18 07:00:00,E3_ekspor_dibuka,menolak,
2 Penambang Pasir Ilegal di Lebak Ditetapkan Jadi Tersangka,detikNews,2026-07-15 07:00:00,E4_pasca_putusan_ma,netral,
"Benarkah Demi Kesehatan Laut, Pemanfaatan Sedimentasi Laut Dilakukan?",Mongabay.co.id,2023-06-02 07:00:00,E1_pp_disahkan,netral,
"Tambang Rakyat Pasir Laut Edy Anwar Bantah Ilegal, Klaim Miliki Izin dari Dinas ESDM Kepri",Batamnews,2025-07-19 07:00:00,E4_pasca_putusan_ma,netral,
"Hukum Ekspor Pasir Sedimentasi, Ini Kata LBM PBNU",NU Online Lampung,2023-08-05 07:00:00,E1_pp_disahkan,netral,
Jokowi Buka Keran Ekspor Pasir Laut: Pulau-pulau Kecil Terancam Tenggelam,suara.com,2024-09-25 07:00:00,E3_ekspor_dibuka,menolak,
CAKAP RAKYAT: Tambang Pasir Laut dan Reklamasi Daratan Singapura,CAKAPLAH.com,2023-05-31 07:00:00,E1_pp_disahkan,netral,
Proyek Pengelolaan Sedimentasi Laut di Demak akan Direalisasikan Mulai Agustus - Bisnis.com,Bisnis.com - Semarang,2024-05-27 07:00:00,E2_aturan_persiapan,netral,
"Kapal Keruk Singapura Operasi Ilegal, Sedot 10 Ribu Meter Kubik Pasir dalam 9 Jam",Portal Hukum,2025-06-26 07:00:00,E4_pasca_putusan_ma,netral,
"Jika Sedimen di Laut untuk Uruk Pantai, Ahli: Bisa Amblas Kena Ombak",Tempo.co,2024-09-26 07:00:00,E3_ekspor_dibuka,menolak,
