tahun,rumah_tangga,industri,bisnis,sosial,gdg_pemerintah,pju
2015,88682.13,64079.39,36978.05,5940.98,3717.16,3448.11
2016,93634.61,68145.30,40074.39,6630.80,4021.61,3497.58
2017,94457.38,72238.37,41694.79,7095.37,4121.26,3526.55
2018,97832.28,76946.50,44027.40,7781.34,4403.28,3627.07
2019,103733.43,77878.65,46901.25,8621.83,4750.29,3632.71
2020,112155.85,72239.86,42819.32,8098.06,4634.78,3634.88
2021,115370.05,80904.45,44440.85,8665.99,4707.97,3544.95
2022,116095.41,88483.30,50532.19,10073.23,4995.12,3582.23
2023,122339.69,88587.68,57112.00,11496.10,5285.12,3615.19
2024,130433.10,92195.69,58771.14,12679.23,5412.35,3527.90
